"Date","Price","Open","High","Low","Vol.","Change %"
"04/14/2023","30,781.0","30,413.8","30,998.1","30,343.2","16.00K","1.20%"
"04/13/2023","30,414.8","29,912.2","30,567.2","29,884.6","12.50K","1.68%"
"04/12/2023","29,912.2","30,233.7","30,474.3","29,695.5","14.96K","-1.07%"
"04/11/2023","30,234.5","29,659.8","30,552.9","29,614.1","18.63K","1.94%"
"04/10/2023","29,659.3","28,341.9","29,792.5","28,188.6","15.74K","4.65%"
"04/09/2023","28,342.6","27,959.9","28,536.0","27,824.1","6.13K","1.37%"
"04/08/2023","27,959.9","27,929.0","28,169.6","27,884.7","3.85K","0.11%"
"04/07/2023","27,929.0","28,053.9","28,118.8","27,808.0","5.85K","-0.46%"
"04/06/2023","28,057.3","28,181.3","28,191.8","27,753.2","10.29K","-0.44%"
"04/05/2023","28,181.3","28,175.4","28,780.1","27,826.3","15.06K","0.02%"
"04/04/2023","28,175.4","27,817.1","28,421.7","27,682.9","13.26K","1.30%"
"04/03/2023","27,814.3","28,189.1","28,492.9","27,242.8","16.19K","-1.32%"
"04/02/2023","28,185.1","28,472.4","28,536.3","27,897.4","6.71K","-1.01%"
"04/01/2023","28,472.4","28,477.1","28,800.7","28,298.4","6.99K","-0.02%"
"03/31/2023","28,477.1","28,034.8","28,641.7","27,590.7","18.92K","1.58%"
"03/30/2023","28,034.8","28,360.3","29,168.7","27,732.1","20.97K","-1.15%"
"03/29/2023","28,360.3","27,272.6","28,624.2","27,258.9","17.71K","4.01%"
"03/28/2023","27,267.2","27,142.9","27,495.4","26,673.8","14.10K","0.46%"
"03/27/2023","27,142.3","27,996.2","28,046.5","26,552.4","17.26K","-3.05%"
"03/26/2023","27,997.0","27,495.1","28,187.7","27,445.0","9.80K","1.81%"
"03/25/2023","27,498.2","27,493.7","27,801.0","27,196.7","9.65K","0.02%"
"03/24/2023","27,493.7","28,355.4","28,432.9","27,048.6","22.19K","-3.06%"
"03/23/2023","28,362.8","27,336.9","28,807.9","27,196.1","26.69K","3.75%"
"03/22/2023","27,336.9","28,218.9","28,927.3","26,710.3","33.97K","-3.13%"
"03/21/2023","28,218.9","27,818.0","28,510.3","27,439.7","16.19K","1.39%"
"03/20/2023","27,832.4","28,040.6","28,550.0","27,234.3","23.77K","-0.74%"
"03/19/2023","28,040.6","26,976.8","28,447.6","26,906.8","16.88K","3.91%"
"03/18/2023","26,986.4","27,449.2","27,761.3","26,666.0","18.09K","-1.71%"
"03/17/2023","27,456.3","25,056.1","27,818.1","24,949.8","40.74K","9.57%"
"03/16/2023","25,058.7","24,381.1","25,209.6","24,228.8","20.75K","2.82%"
"03/15/2023","24,371.2","24,785.5","25,240.7","23,955.1","30.12K","-1.67%"
"03/14/2023","24,785.5","24,205.6","26,520.0","24,073.6","44.09K","2.38%"
"03/13/2023","24,209.8","22,199.9","24,623.9","21,928.3","38.60K","9.05%"
"03/12/2023","22,199.9","20,626.3","22,223.3","20,462.4","19.14K","7.62%"
"03/11/2023","20,627.4","20,229.0","20,935.1","19,917.9","18.92K","1.96%"
"03/10/2023","20,230.7","20,377.1","20,377.1","19,582.9","32.12K","-0.64%"
"03/09/2023","20,360.8","21,701.7","21,821.4","20,061.0","21.32K","-6.19%"
"03/08/2023","21,704.1","22,196.7","22,274.6","21,588.0","13.34K","-2.23%"
"03/07/2023","22,199.8","22,404.1","22,548.4","21,977.8","10.38K","-0.91%"
"03/06/2023","22,404.0","22,430.8","22,591.1","22,316.4","10.66K","-0.11%"
"03/05/2023","22,429.8","22,352.3","22,646.4","22,258.6","5.29K","0.35%"
"03/04/2023","22,350.6","22,355.0","22,407.0","22,174.5","2.26K","0.00%"
"03/03/2023","22,350.8","23,468.8","23,474.5","22,059.6","21.69K","-4.76%"
"03/02/2023","23,468.0","23,636.7","23,786.6","23,204.8","9.24K","-0.71%"
"03/01/2023","23,636.7","23,135.3","23,978.4","23,029.2","12.15K","2.20%"
"02/28/2023","23,128.8","23,490.8","23,595.6","23,035.0","9.51K","-1.55%"
"02/27/2023","23,492.5","23,558.9","23,887.0","23,130.9","12.10K","-0.28%"
"02/26/2023","23,558.9","23,161.8","23,680.3","23,064.9","6.06K","1.69%"
"02/25/2023","23,167.4","23,187.7","23,220.1","22,822.3","5.94K","-0.09%"
"02/24/2023","23,188.3","23,940.7","24,130.3","22,899.6","20.93K","-3.15%"
"02/23/2023","23,941.8","24,183.4","24,599.8","23,623.9","16.83K","-1.00%"
"02/22/2023","24,183.1","24,453.0","24,474.5","23,598.3","17.39K","-1.10%"
"02/21/2023","24,451.9","24,847.1","25,167.2","24,159.9","16.49K","-1.57%"
"02/20/2023","24,841.6","24,294.5","25,102.6","23,854.0","13.98K","2.20%"
"02/19/2023","24,307.2","24,634.1","25,174.9","24,260.1","9.72K","-1.34%"
"02/18/2023","24,638.3","24,570.9","24,860.1","24,453.1","6.19K","0.27%"
"02/17/2023","24,570.9","23,534.1","25,008.3","23,382.6","22.79K","4.41%"
"02/16/2023","23,534.1","24,334.0","25,235.8","23,533.8","30.02K","-3.28%"
"02/15/2023","24,331.6","22,210.0","24,339.8","22,058.5","23.42K","9.55%"
"02/14/2023","22,210.2","21,788.1","22,314.3","21,576.2","14.88K","1.94%"
"02/13/2023","21,786.7","21,789.9","21,901.3","21,415.0","13.24K","-0.02%"
"02/12/2023","21,791.2","21,863.7","22,081.2","21,653.3","5.99K","-0.34%"
"02/11/2023","21,865.0","21,638.0","21,901.6","21,608.7","4.69K","1.05%"
"02/10/2023","21,637.5","21,795.0","21,942.4","21,477.1","12.64K","-0.72%"
"02/09/2023","21,795.0","22,966.4","23,006.3","21,702.2","19.27K","-5.11%"
"02/08/2023","22,969.8","23,252.9","23,417.4","22,685.9","7.69K","-1.22%"
"02/07/2023","23,252.9","22,763.1","23,336.2","22,749.8","9.80K","2.15%"
"02/06/2023","22,763.6","22,936.5","23,151.7","22,645.9","12.15K","-0.75%"
"02/05/2023","22,936.5","23,330.9","23,426.1","22,759.0","6.57K","-1.68%"
"02/04/2023","23,328.5","23,433.8","23,582.3","23,271.1","3.57K","-0.45%"
"02/03/2023","23,433.8","23,504.3","23,700.0","23,229.2","14.21K","-0.15%"
"02/02/2023","23,468.6","23,731.5","24,250.1","23,384.8","16.35K","-1.06%"
"02/01/2023","23,720.9","23,128.7","23,796.2","22,806.9","20.29K","2.57%"
"01/31/2023","23,127.7","22,842.8","23,278.6","22,727.5","22.72K","1.25%"
"01/30/2023","22,842.8","23,754.9","23,799.1","22,577.3","34.29K","-3.84%"
"01/29/2023","23,754.8","23,033.9","23,944.6","22,978.0","20.95K","3.13%"
"01/28/2023","23,033.9","23,082.6","23,183.6","22,889.8","7.46K","-0.21%"
"01/27/2023","23,082.6","23,018.4","23,494.2","22,618.6","27.18K","0.28%"
"01/26/2023","23,018.4","23,083.0","23,269.3","22,879.0","30.16K","-0.17%"
"01/25/2023","23,056.9","22,631.7","23,800.3","22,352.6","38.44K","1.87%"
"01/24/2023","22,634.4","22,919.7","23,160.9","22,517.5","39.13K","-1.21%"
"01/23/2023","22,911.6","22,723.2","23,145.5","22,614.5","32.37K","0.89%"
"01/22/2023","22,709.8","22,773.9","23,068.1","22,327.1","25.55K","-0.28%"
"01/21/2023","22,773.9","22,698.8","23,335.8","22,459.5","32.65K","0.35%"
"01/20/2023","22,694.8","21,085.0","22,738.2","20,879.9","32.79K","7.63%"
"01/19/2023","21,085.0","20,668.1","21,191.4","20,660.6","23.36K","1.98%"
"01/18/2023","20,675.9","21,139.0","21,584.5","20,405.6","34.58K","-2.19%"
"01/17/2023","21,139.0","21,189.3","21,564.5","20,896.4","32.64K","-0.23%"
"01/16/2023","21,187.6","20,880.4","21,406.1","20,633.4","41.14K","1.45%"
"01/15/2023","20,884.6","20,951.4","21,033.9","20,587.7","25.70K","-0.40%"
"01/14/2023","20,967.9","19,927.0","21,290.9","19,901.8","58.23K","5.21%"
"01/13/2023","19,928.7","18,848.5","19,990.3","18,722.6","55.04K","5.71%"
"01/12/2023","18,852.3","17,930.3","19,069.8","17,911.7","61.93K","5.09%"
"01/11/2023","17,938.9","17,443.0","17,985.1","17,321.9","27.24K","2.84%"
"01/10/2023","17,443.0","17,179.6","17,492.1","17,147.1","24.90K","1.53%"
"01/09/2023","17,180.0","17,115.9","17,393.8","17,109.7","33.25K","0.37%"
"01/08/2023","17,115.9","16,941.6","17,125.4","16,912.1","9.17K","1.03%"
"01/07/2023","16,941.5","16,948.3","16,976.2","16,903.6","5.68K","-0.04%"
"01/06/2023","16,948.3","16,824.6","17,009.4","16,698.5","24.23K","0.74%"
"01/05/2023","16,824.6","16,846.1","16,871.1","16,766.8","14.91K","-0.13%"
"01/04/2023","16,846.1","16,668.9","16,983.2","16,649.1","25.92K","1.06%"
"01/03/2023","16,669.0","16,666.9","16,767.2","16,602.0","17.61K","0.00%"
"01/02/2023","16,668.7","16,611.6","16,759.7","16,546.5","13.56K","0.34%"
"01/01/2023","16,611.5","16,528.0","16,617.6","16,493.0","10.66K","0.51%"
"12/31/2022","16,528.0","16,601.3","16,628.9","16,466.6","15.38K","-0.45%"
"12/30/2022","16,602.0","16,631.2","16,637.7","16,352.4","26.53K","-0.18%"
"12/29/2022","16,631.2","16,538.1","16,653.0","16,482.1","20.06K","0.56%"
"12/28/2022","16,538.4","16,698.0","16,773.7","16,467.4","23.34K","-0.96%"
"12/27/2022","16,698.0","16,917.2","16,963.8","16,603.1","17.48K","-1.30%"
"12/26/2022","16,917.2","16,830.3","16,935.6","16,796.3","8.48K","0.52%"
"12/25/2022","16,830.3","16,838.4","16,851.3","16,732.8","7.06K","-0.05%"
"12/24/2022","16,838.4","16,779.2","16,854.8","16,776.8","9.50K","0.35%"
"12/23/2022","16,779.4","16,814.7","16,943.3","16,760.3","21.96K","-0.21%"
"12/22/2022","16,815.1","16,819.4","16,864.4","16,566.0","21.27K","-0.03%"
"12/21/2022","16,819.4","16,902.0","16,924.2","16,733.9","16.72K","-0.49%"
"12/20/2022","16,902.0","16,441.8","17,031.8","16,401.4","34.32K","2.80%"
"12/19/2022","16,441.8","16,745.0","16,816.5","16,319.3","26.84K","-1.80%"
"12/18/2022","16,743.0","16,781.9","16,830.1","16,669.2","11.07K","-0.24%"
"12/17/2022","16,783.2","16,637.4","16,798.0","16,591.7","18.43K","0.85%"
"12/16/2022","16,641.0","17,360.4","17,522.9","16,531.9","47.14K","-4.13%"
"12/15/2022","17,357.5","17,800.1","17,854.9","17,297.3","37.83K","-2.49%"
"12/14/2022","17,800.1","17,774.9","18,360.8","17,687.7","49.26K","0.14%"
"12/13/2022","17,774.9","17,212.3","17,954.8","17,098.6","38.30K","3.31%"
"12/12/2022","17,205.3","17,093.6","17,238.3","16,881.9","20.64K","0.65%"
"12/11/2022","17,093.6","17,129.6","17,257.9","17,078.2","9.94K","-0.21%"
"12/10/2022","17,129.6","17,128.8","17,217.4","17,105.5","7.86K","0.02%"
"12/09/2022","17,127.0","17,226.0","17,290.8","17,081.6","20.96K","-0.58%"
"12/08/2022","17,226.7","16,837.4","17,292.2","16,766.9","23.52K","2.34%"
"12/07/2022","16,832.9","17,085.8","17,122.5","16,716.7","22.62K","-1.48%"
"12/06/2022","17,085.4","16,968.0","17,102.3","16,915.9","26.67K","0.70%"
"12/05/2022","16,966.3","17,115.3","17,418.8","16,884.6","33.62K","-0.86%"
"12/04/2022","17,113.2","16,885.5","17,162.3","16,883.7","16.95K","1.35%"
"12/03/2022","16,885.5","17,092.2","17,134.1","16,866.3","14.08K","-1.21%"
"12/02/2022","17,092.2","16,980.1","17,102.6","16,825.0","23.08K","0.72%"
"12/01/2022","16,970.6","17,167.3","17,238.1","16,866.3","31.79K","-1.15%"
"11/30/2022","17,167.3","16,438.0","17,225.0","16,426.8","42.50K","4.47%"
"11/29/2022","16,433.4","16,206.3","16,525.9","16,097.6","21.89K","1.39%"
"11/28/2022","16,207.6","16,419.6","16,475.5","16,005.9","30.33K","-1.29%"
"11/27/2022","16,419.6","16,450.5","16,587.8","16,399.6","10.82K","-0.19%"
"11/26/2022","16,450.6","16,507.9","16,685.5","16,384.5","12.30K","-0.32%"
"11/25/2022","16,503.1","16,597.4","16,610.1","16,344.4","20.79K","-0.57%"
"11/24/2022","16,597.4","16,587.0","16,781.2","16,463.4","21.80K","0.01%"
"11/23/2022","16,596.1","16,170.8","16,655.4","16,143.0","37.14K","2.47%"
"11/22/2022","16,196.5","15,756.3","16,266.2","15,605.0","44.55K","2.77%"
"11/21/2022","15,759.7","16,257.7","16,262.1","15,500.3","43.78K","-3.06%"
"11/20/2022","16,257.7","16,686.9","16,731.1","16,174.7","16.67K","-2.57%"
"11/19/2022","16,686.9","16,629.8","16,800.0","16,590.4","9.38K","0.39%"
"11/18/2022","16,622.3","16,825.4","16,833.9","16,534.0","26.44K","-0.55%"
"11/17/2022","16,714.0","16,681.9","16,736.0","16,403.4","23.23K","1.12%"
"11/16/2022","16,529.0","16,880.2","16,980.7","16,387.2","35.90K","-2.08%"
"11/15/2022","16,880.2","16,589.7","17,073.6","16,530.2","48.15K","1.75%"
"11/14/2022","16,590.1","16,299.3","17,131.0","15,801.9","55.59K","1.75%"
"11/13/2022","16,304.4","16,774.5","16,919.3","16,243.3","23.26K","-2.78%"
"11/12/2022","16,770.3","16,995.5","17,063.6","16,603.1","23.83K","-1.43%"
"11/11/2022","17,013.8","17,539.2","17,632.5","16,414.2","64.77K","-3.00%"
"11/10/2022","17,539.2","15,852.5","18,106.3","15,766.4","91.48K","10.64%"
"11/09/2022","15,852.5","18,511.8","18,581.4","15,566.3","119.60K","-14.37%"
"11/08/2022","18,511.8","20,592.2","20,670.8","17,569.0","84.01K","-10.10%"
"11/07/2022","20,591.1","20,919.3","21,067.9","20,402.5","25.28K","-1.56%"
"11/06/2022","20,917.5","21,304.2","21,364.6","20,894.6","10.95K","-1.81%"
"11/05/2022","21,303.4","21,146.3","21,470.6","21,082.8","14.08K","0.74%"
"11/04/2022","21,146.3","20,206.9","21,275.3","20,182.8","42.01K","4.64%"
"11/03/2022","20,207.9","20,149.2","20,382.9","20,058.9","26.83K","0.29%"
"11/02/2022","20,149.1","20,479.9","20,794.8","20,062.2","43.91K","-1.65%"
"11/01/2022","20,487.6","20,492.1","20,669.1","20,338.4","21.14K","-0.04%"
"10/31/2022","20,495.9","20,626.2","20,826.6","20,250.6","22.22K","-0.63%"
"10/30/2022","20,626.2","20,822.5","20,933.4","20,526.2","13.73K","-0.94%"
"10/29/2022","20,822.4","20,601.5","21,066.0","20,562.0","19.82K","1.08%"
"10/28/2022","20,599.4","20,295.1","20,748.1","20,024.6","29.58K","1.50%"
"10/27/2022","20,294.2","20,775.4","20,875.5","20,217.9","34.11K","-2.33%"
"10/26/2022","20,778.1","20,095.0","21,001.3","20,060.9","43.61K","3.45%"
"10/25/2022","20,086.0","19,330.6","20,411.9","19,245.6","42.44K","3.88%"
"10/24/2022","19,335.5","19,572.4","19,591.9","19,167.2","29.43K","-1.20%"
"10/23/2022","19,570.2","19,208.7","19,682.1","19,096.9","12.07K","1.89%"
"10/22/2022","19,207.8","19,166.4","19,253.4","19,116.5","7.04K","0.22%"
"10/21/2022","19,165.3","19,045.3","19,248.0","18,679.8","24.19K","0.63%"
"10/20/2022","19,045.3","19,124.0","19,338.8","18,932.5","28.40K","-0.42%"
"10/19/2022","19,125.9","19,328.8","19,355.9","19,095.2","22.28K","-1.05%"
"10/18/2022","19,328.8","19,548.8","19,700.7","19,100.6","27.64K","-1.13%"
"10/17/2022","19,548.8","19,265.1","19,669.2","19,156.9","24.14K","1.49%"
"10/16/2022","19,261.3","19,070.3","19,419.6","19,067.8","8.31K","1.01%"
"10/15/2022","19,067.9","19,185.8","19,220.7","18,997.6","9.06K","-0.61%"
"10/14/2022","19,185.8","19,380.2","19,939.4","19,087.5","46.21K","-1.01%"
"10/13/2022","19,381.9","19,155.6","19,494.8","18,213.0","49.15K","1.18%"
"10/12/2022","19,155.6","19,052.3","19,224.8","18,987.2","24.85K","0.54%"
"10/11/2022","19,052.3","19,136.1","19,260.5","18,862.2","36.23K","-0.44%"
"10/10/2022","19,136.1","19,446.3","19,522.8","19,053.6","26.59K","-1.59%"
"10/09/2022","19,445.9","19,418.8","19,560.9","19,323.2","12.53K","0.14%"
"10/08/2022","19,419.3","19,538.1","19,613.0","19,273.0","9.74K","-0.57%"
"10/07/2022","19,530.6","19,958.9","20,055.5","19,335.6","34.94K","-2.19%"
"10/06/2022","19,968.5","20,161.1","20,448.8","19,864.9","44.04K","-0.96%"
"10/05/2022","20,161.1","20,345.1","20,368.3","19,756.8","33.54K","-0.90%"
"10/04/2022","20,345.1","19,627.2","20,455.3","19,509.5","32.69K","3.60%"
"10/03/2022","19,637.3","19,059.3","19,675.2","18,988.0","28.57K","3.03%"
"10/02/2022","19,059.3","19,313.9","19,397.3","18,926.4","12.95K","-1.32%"
"10/01/2022","19,313.9","19,421.7","19,481.3","19,195.7","7.34K","-0.56%"
"09/30/2022","19,423.3","19,596.4","20,177.4","19,196.6","34.24K","-0.84%"
"09/29/2022","19,588.6","19,411.3","19,639.4","18,867.8","34.78K","0.90%"
"09/28/2022","19,414.0","19,079.5","19,768.3","18,496.6","43.71K","1.75%"
"09/27/2022","19,079.5","19,225.5","20,365.6","18,836.9","51.85K","-0.75%"
"09/26/2022","19,224.4","18,802.8","19,308.4","18,695.2","33.09K","2.23%"
"09/25/2022","18,804.8","18,927.2","19,167.9","18,638.5","14.48K","-0.64%"
"09/24/2022","18,926.4","19,289.7","19,309.1","18,811.5","17.64K","-1.90%"
"09/23/2022","19,293.4","19,405.4","19,484.6","18,541.2","30.77K","-0.56%"
"09/22/2022","19,402.8","18,486.9","19,499.8","18,363.7","41.00K","4.93%"
"09/21/2022","18,491.0","18,874.3","19,828.9","18,190.3","44.32K","-2.04%"
"09/20/2022","18,876.1","19,538.7","19,634.4","18,741.8","27.44K","-3.38%"
"09/19/2022","19,536.4","19,418.4","19,683.1","18,281.1","30.95K","0.61%"
"09/18/2022","19,418.4","20,115.3","20,120.5","19,344.6","16.43K","-3.50%"
"09/17/2022","20,121.9","19,798.3","20,178.2","19,757.5","11.55K","1.61%"
"09/16/2022","19,802.5","19,699.9","19,885.6","19,346.7","24.86K","0.52%"
"09/15/2022","19,699.9","20,224.9","20,330.7","19,530.6","21.12K","-2.61%"
"09/14/2022","20,227.5","20,174.4","20,512.9","19,636.4","25.14K","0.26%"
"09/13/2022","20,174.4","22,394.0","22,754.3","19,910.8","37.35K","-9.92%"
"09/12/2022","22,395.0","21,828.9","22,481.4","21,575.9","28.40K","2.49%"
"09/11/2022","21,851.8","21,656.1","21,851.8","21,372.9","14.38K","0.90%"
"09/10/2022","21,656.1","21,370.0","21,804.4","21,154.4","17.75K","1.34%"
"09/09/2022","21,370.0","19,318.3","21,570.0","19,298.0","39.58K","10.59%"
"09/08/2022","19,323.3","19,281.1","19,446.5","19,033.6","20.32K","0.22%"
"09/07/2022","19,280.1","18,787.6","19,459.9","18,564.8","25.57K","2.63%"
"09/06/2022","18,786.1","19,793.5","20,175.1","18,674.1","34.02K","-5.09%"
"09/05/2022","19,793.5","20,003.2","20,047.7","19,645.6","13.93K","-1.06%"
"09/04/2022","20,005.9","19,836.5","20,020.5","19,595.3","10.67K","0.86%"
"09/03/2022","19,835.5","19,956.0","20,046.2","19,663.2","9.54K","-0.60%"
"09/02/2022","19,955.3","20,127.3","20,440.5","19,764.3","19.93K","-0.84%"
"09/01/2022","20,123.4","20,052.7","20,201.2","19,580.2","23.85K","0.37%"
"08/31/2022","20,049.4","19,799.3","20,454.8","19,794.6","36.57K","1.25%"
"08/30/2022","19,802.9","20,295.2","20,558.5","19,553.1","46.45K","-2.42%"
"08/29/2022","20,294.3","19,548.9","20,401.2","19,548.1","33.41K","3.85%"
"08/28/2022","19,541.8","20,033.6","20,151.6","19,525.6","17.06K","-2.46%"
"08/27/2022","20,033.6","20,253.9","20,360.9","19,852.5","22.15K","-1.09%"
"08/26/2022","20,255.2","21,566.8","21,861.7","20,121.3","37.13K","-6.07%"
"08/25/2022","21,565.1","21,366.5","21,803.6","21,317.2","17.06K","0.94%"
"08/24/2022","21,364.6","21,527.9","21,888.1","21,160.7","22.53K","-0.72%"
"08/23/2022","21,518.9","21,414.2","21,666.1","20,899.3","22.72K","0.49%"
"08/22/2022","21,414.2","21,510.4","21,520.2","20,895.4","26.21K","-0.45%"
"08/21/2022","21,510.4","21,138.9","21,716.1","21,073.0","16.02K","1.75%"
"08/20/2022","21,139.5","20,832.2","21,356.2","20,773.8","21.81K","1.46%"
"08/19/2022","20,835.9","23,198.1","23,205.0","20,813.8","45.94K","-10.18%"
"08/18/2022","23,198.1","23,339.6","23,580.8","23,116.1","13.80K","-0.61%"
"08/17/2022","23,340.1","23,857.3","24,430.1","23,184.4","22.74K","-2.21%"
"08/16/2022","23,867.7","24,103.2","24,247.5","23,692.0","19.60K","-0.93%"
"08/15/2022","24,092.8","24,316.3","25,210.9","23,798.7","27.82K","-0.90%"
"08/14/2022","24,312.4","24,455.2","25,034.2","24,160.4","23.30K","-0.61%"
"08/13/2022","24,460.6","24,408.5","24,889.6","24,312.3","13.67K","0.21%"
"08/12/2022","24,408.5","23,947.8","24,456.7","23,623.8","17.24K","1.92%"
"08/11/2022","23,947.8","23,958.7","24,883.3","23,872.1","29.67K","-0.06%"
"08/10/2022","23,962.1","23,154.1","24,212.5","22,690.3","25.97K","3.50%"
"08/09/2022","23,152.3","23,830.1","23,919.0","22,909.7","22.35K","-2.84%"
"08/08/2022","23,830.1","23,180.5","24,247.5","23,168.1","24.09K","2.80%"
"08/07/2022","23,180.5","22,945.7","23,384.1","22,857.0","8.30K","1.02%"
"08/06/2022","22,945.7","23,296.6","23,349.5","22,925.9","9.28K","-1.51%"
"08/05/2022","23,296.6","22,615.4","23,463.2","22,597.1","26.59K","3.05%"
"08/04/2022","22,606.1","22,844.8","23,219.4","22,446.3","21.74K","-1.00%"
"08/03/2022","22,834.6","22,995.1","23,613.0","22,720.0","23.96K","-0.70%"
"08/02/2022","22,995.1","23,290.1","23,444.8","22,666.8","15.01K","-1.27%"
"08/01/2022","23,290.1","23,316.8","23,495.0","22,867.5","12.54K","-0.12%"
"07/31/2022","23,319.0","23,644.7","24,181.3","23,244.8","7.97K","-1.38%"
"07/30/2022","23,644.7","23,785.2","24,605.2","23,520.1","13.26K","-0.60%"
"07/29/2022","23,786.5","23,865.1","24,353.0","23,447.4","18.43K","-0.31%"
"07/28/2022","23,861.3","22,958.4","24,202.5","22,615.0","25.68K","3.90%"
"07/27/2022","22,964.6","21,273.8","23,032.7","21,048.4","24.20K","7.95%"
"07/26/2022","21,273.8","21,312.7","21,330.4","20,730.2","19.32K","-0.18%"
"07/25/2022","21,312.7","22,586.4","22,659.3","21,256.0","22.23K","-5.64%"
"07/24/2022","22,586.4","22,458.2","23,009.1","22,275.0","9.13K","0.57%"
"07/23/2022","22,458.2","22,681.3","23,000.3","21,952.1","12.59K","-0.98%"
"07/22/2022","22,681.0","23,155.0","23,753.3","22,515.5","20.88K","-1.99%"
"07/21/2022","23,140.8","23,216.1","23,414.5","22,352.9","24.11K","-0.32%"
"07/20/2022","23,216.1","23,414.7","24,276.7","22,950.5","34.09K","-0.85%"
"07/19/2022","23,414.7","22,488.8","23,782.9","21,589.5","34.80K","3.98%"
"07/18/2022","22,519.3","20,778.8","22,762.1","20,766.8","31.43K","8.38%"
"07/17/2022","20,778.8","21,203.8","21,644.3","20,753.0","11.45K","-2.01%"
"07/16/2022","21,205.8","20,820.6","21,568.5","20,484.2","12.48K","1.85%"
"07/15/2022","20,820.6","20,574.6","21,184.3","20,375.5","17.73K","1.20%"
"07/14/2022","20,574.6","20,233.2","20,847.6","19,632.6","24.36K","1.69%"
"07/13/2022","20,233.2","19,316.3","20,246.5","18,921.6","28.20K","4.77%"
"07/12/2022","19,311.2","19,948.7","20,030.9","19,239.4","21.63K","-3.19%"
"07/11/2022","19,947.5","20,831.7","20,835.6","19,886.2","16.06K","-4.26%"
"07/10/2022","20,835.6","21,578.9","21,590.7","20,675.4","9.61K","-3.45%"
"07/09/2022","21,580.1","21,597.3","21,941.6","21,333.3","9.42K","-0.08%"
"07/08/2022","21,597.3","21,633.0","22,478.4","21,189.6","25.29K","-0.17%"
"07/07/2022","21,633.1","20,537.6","21,842.2","20,264.5","25.21K","5.33%"
"07/06/2022","20,537.6","20,184.3","20,640.8","19,764.3","18.49K","1.75%"
"07/05/2022","20,184.3","20,196.3","20,702.0","19,278.5","21.93K","-0.06%"
"07/04/2022","20,196.3","19,292.6","20,279.9","19,035.4","14.46K","4.68%"
"07/03/2022","19,292.6","19,220.2","19,596.1","18,797.3","11.82K","0.38%"
"07/02/2022","19,220.2","19,252.7","19,390.7","18,977.8","10.71K","-0.15%"
"07/01/2022","19,248.2","19,950.5","20,752.7","18,980.1","32.97K","-3.48%"
"06/30/2022","19,941.4","20,083.9","20,133.3","18,650.0","28.29K","-0.71%"
"06/29/2022","20,083.9","20,261.4","20,402.8","19,874.1","18.28K","-0.88%"
"06/28/2022","20,261.4","20,701.2","21,189.5","20,184.3","17.64K","-2.12%"
"06/27/2022","20,701.2","21,031.1","21,493.3","20,526.8","17.44K","-1.57%"
"06/26/2022","21,031.1","21,479.6","21,841.1","20,982.2","11.14K","-2.09%"
"06/25/2022","21,479.6","21,205.1","21,557.7","20,900.0","12.88K","1.29%"
"06/24/2022","21,205.1","21,108.1","21,510.0","20,732.3","21.35K","0.46%"
"06/23/2022","21,108.1","19,960.9","21,174.2","19,881.3","21.42K","5.78%"
"06/22/2022","19,953.9","20,695.7","20,862.8","19,763.3","26.56K","-3.60%"
"06/21/2022","20,700.0","20,550.2","21,688.4","20,349.3","23.77K","0.72%"
"06/20/2022","20,551.8","20,565.2","20,981.4","19,620.9","24.90K","-0.03%"
"06/19/2022","20,557.3","18,952.8","20,775.4","17,937.3","29.38K","8.38%"
"06/18/2022","18,968.4","20,444.6","20,740.5","17,598.1","52.89K","-7.18%"
"06/17/2022","20,434.9","20,368.8","21,306.8","20,220.0","25.56K","0.32%"
"06/16/2022","20,368.8","22,560.4","22,921.4","20,207.4","37.58K","-9.71%"
"06/15/2022","22,560.4","22,145.7","22,728.7","20,096.9","62.04K","1.92%"
"06/14/2022","22,135.7","22,430.9","23,250.0","20,831.3","47.37K","-1.29%"
"06/13/2022","22,425.8","26,592.8","26,835.2","22,005.0","81.67K","-15.67%"
"06/12/2022","26,592.8","28,383.8","28,510.0","26,582.1","18.66K","-6.30%"
"06/11/2022","28,380.1","29,059.7","29,406.2","28,086.1","13.27K","-2.34%"
"06/10/2022","29,059.7","30,069.5","30,320.9","28,847.1","23.21K","-3.37%"
"06/09/2022","30,072.6","30,187.2","30,663.2","29,919.4","13.33K","-0.37%"
"06/08/2022","30,184.2","31,108.7","31,296.4","29,849.1","16.77K","-2.96%"
"06/07/2022","31,105.3","31,360.6","31,544.3","29,210.5","23.23K","-0.78%"
"06/06/2022","31,348.3","29,899.3","31,738.0","29,867.6","20.38K","4.82%"
"06/05/2022","29,906.4","29,845.7","30,138.2","29,512.9","5.48K","0.22%"
"06/04/2022","29,841.2","29,677.4","29,941.0","29,463.1","6.39K","0.55%"
"06/03/2022","29,677.4","30,431.8","30,659.6","29,277.7","15.02K","-2.48%"
"06/02/2022","30,431.1","29,784.8","30,653.9","29,592.3","18.51K","2.17%"
"06/01/2022","29,784.8","31,780.7","31,961.9","29,363.0","26.85K","-6.28%"
"05/31/2022","31,780.7","31,715.6","32,371.0","31,201.8","21.19K","0.19%"
"05/30/2022","31,720.4","29,449.3","32,161.0","29,284.6","24.91K","7.71%"
"05/29/2022","29,449.3","29,005.8","29,550.0","28,817.6","6.73K","1.53%"
"05/28/2022","29,005.8","28,574.5","29,221.8","28,500.0","7.72K","1.49%"
"05/27/2022","28,580.3","29,139.2","29,351.9","28,250.8","21.03K","-2.08%"
"05/26/2022","29,186.8","29,517.0","29,845.4","28,000.0","26.60K","-1.13%"
"05/25/2022","29,520.7","29,628.4","30,175.0","29,322.1","17.18K","-0.36%"
"05/24/2022","29,628.4","29,067.8","29,793.8","28,660.1","17.08K","1.93%"
"05/23/2022","29,067.8","30,260.8","30,623.5","28,876.4","25.41K","-3.94%"
"05/22/2022","30,260.8","29,407.9","30,425.0","29,229.3","11.77K","2.90%"
"05/21/2022","29,406.9","29,158.1","29,600.1","28,955.8","10.00K","0.85%"
"05/20/2022","29,158.1","30,269.8","30,699.8","28,705.6","34.33K","-3.67%"
"05/19/2022","30,269.8","28,663.7","30,499.3","28,654.2","29.01K","5.60%"
"05/18/2022","28,663.7","30,415.5","30,662.7","28,609.5","28.35K","-5.76%"
"05/17/2022","30,415.5","29,829.5","30,700.4","29,446.4","19.83K","2.07%"
"05/16/2022","29,797.3","31,268.8","31,298.6","29,072.8","22.64K","-4.75%"
"05/15/2022","31,282.8","30,035.8","31,370.3","29,461.4","16.43K","4.12%"
"05/14/2022","30,044.2","29,233.0","30,258.0","28,601.6","15.23K","2.77%"
"05/13/2022","29,234.9","28,956.6","30,951.2","28,685.6","34.63K","0.96%"
"05/12/2022","28,956.6","28,901.9","30,069.9","25,409.5","70.68K","0.14%"
"05/11/2022","28,917.4","31,001.9","32,101.5","27,714.1","61.12K","-6.73%"
"05/10/2022","31,004.0","30,091.7","32,631.6","29,786.9","55.79K","3.03%"
"05/09/2022","30,091.7","34,049.4","34,214.2","30,091.7","54.99K","-11.59%"
"05/08/2022","34,035.1","35,463.0","35,495.9","33,747.1","22.35K","-4.02%"
"05/07/2022","35,461.1","36,006.8","36,118.9","34,836.4","11.37K","-1.49%"
"05/06/2022","35,997.6","36,549.7","36,646.3","35,300.7","28.62K","-1.51%"
"05/05/2022","36,549.7","39,672.8","39,811.9","36,186.8","28.82K","-7.89%"
"05/04/2022","39,680.1","37,719.6","39,972.6","37,657.6","21.51K","5.20%"
"05/03/2022","37,719.7","38,496.6","38,639.2","37,507.9","17.94K","-2.04%"
"05/02/2022","38,506.8","38,465.4","39,113.7","38,049.5","17.95K","0.11%"
"05/01/2022","38,465.4","37,662.5","38,663.6","37,403.6","7.98K","2.13%"
"04/30/2022","37,662.5","38,576.3","38,773.5","37,603.5","6.92K","-2.37%"
"04/29/2022","38,575.4","39,747.7","39,926.3","38,180.1","14.28K","-2.97%"
"04/28/2022","39,755.8","39,243.6","40,372.7","38,895.2","16.72K","1.29%"
"04/27/2022","39,248.0","38,124.7","39,470.0","37,910.4","20.83K","2.95%"
"04/26/2022","38,124.7","40,454.8","40,782.1","37,748.8","21.63K","-5.72%"
"04/25/2022","40,439.4","39,464.6","40,592.3","38,217.0","20.51K","2.44%"
"04/24/2022","39,474.8","39,446.5","39,926.1","39,000.0","6.44K","0.09%"
"04/23/2022","39,440.8","39,716.8","39,985.7","39,301.2","6.95K","-0.69%"
"04/22/2022","39,716.8","40,488.0","40,794.4","39,194.6","16.87K","-1.90%"
"04/21/2022","40,484.0","41,392.4","42,965.8","39,794.1","17.20K","-2.14%"
"04/20/2022","41,370.9","41,498.0","42,209.6","40,910.0","14.61K","-0.33%"
"04/19/2022","41,506.0","40,793.9","41,733.7","40,580.2","10.21K","1.72%"
"04/18/2022","40,804.4","39,707.8","41,091.0","38,577.7","13.09K","2.76%"
"04/17/2022","39,707.8","40,380.2","40,590.6","39,564.0","4.83K","-1.66%"
"04/16/2022","40,379.2","40,576.9","40,687.8","40,022.2","4.08K","-0.45%"
"04/15/2022","40,562.5","39,943.9","40,800.3","39,777.3","6.44K","1.55%"
"04/14/2022","39,942.6","41,146.7","41,504.9","39,590.4","11.02K","-2.88%"
"04/13/2022","41,128.6","40,076.5","41,517.9","39,579.5","11.46K","2.60%"
"04/12/2022","40,087.9","39,512.8","40,665.3","39,266.9","13.86K","1.48%"
"04/11/2022","39,501.8","42,159.4","42,421.3","39,300.4","17.23K","-6.30%"
"04/10/2022","42,159.4","42,771.6","43,420.6","41,919.4","5.77K","-1.40%"
"04/09/2022","42,756.1","42,262.0","42,814.4","42,124.8","4.80K","1.17%"
"04/08/2022","42,260.6","43,452.2","43,986.7","42,117.0","11.93K","-2.78%"
"04/07/2022","43,469.5","43,165.1","43,892.7","42,760.6","13.24K","0.68%"
"04/06/2022","43,174.0","45,516.8","45,516.8","43,126.0","24.24K","-5.09%"
"04/05/2022","45,491.6","46,613.4","47,193.8","45,383.8","14.39K","-2.43%"
"04/04/2022","46,622.5","46,415.0","46,892.0","45,140.3","13.80K","0.46%"
"04/03/2022","46,411.1","45,812.1","47,439.0","45,561.1","8.77K","1.31%"
"04/02/2022","45,812.1","46,307.4","47,165.5","45,650.9","8.38K","-1.07%"
"04/01/2022","46,307.4","45,528.1","46,709.8","44,245.0","18.11K","1.75%"
"03/31/2022","45,508.9","47,077.2","47,609.4","45,236.4","17.45K","-3.33%"
"03/30/2022","47,077.2","47,460.3","47,715.6","46,618.5","12.67K","-0.78%"
"03/29/2022","47,446.0","47,190.8","48,117.9","46,991.9","15.77K","0.70%"
"03/28/2022","47,118.2","46,868.6","48,210.1","46,673.8","18.78K","0.53%"
"03/27/2022","46,869.3","44,548.2","46,936.7","44,451.0","10.35K","5.20%"
"03/26/2022","44,553.9","44,332.3","44,813.2","44,110.3","7.30K","0.50%"
"03/25/2022","44,332.3","44,008.9","45,110.0","43,633.3","19.13K","0.73%"
"03/24/2022","44,008.9","42,901.3","44,239.6","42,688.4","21.83K","2.55%"
"03/23/2022","42,914.4","42,376.9","43,000.4","41,808.2","13.74K","1.27%"
"03/22/2022","42,376.9","41,016.5","43,309.6","40,897.3","19.91K","3.18%"
"03/21/2022","41,072.8","41,283.8","41,551.4","40,517.5","10.99K","-0.51%"
"03/20/2022","41,281.9","42,234.2","42,320.1","40,945.3","7.62K","-2.25%"
"03/19/2022","42,234.2","41,785.5","42,385.7","41,543.9","8.63K","1.11%"
"03/18/2022","41,769.8","40,947.7","42,340.8","40,227.7","17.17K","2.01%"
"03/17/2022","40,946.4","41,129.1","41,445.2","40,589.8","15.72K","-0.44%"
"03/16/2022","41,128.9","39,294.2","41,709.1","38,950.9","22.80K","4.63%"
"03/15/2022","39,308.1","39,669.6","39,859.3","38,195.1","14.92K","-0.91%"
"03/14/2022","39,669.6","37,829.7","39,898.3","37,597.1","13.55K","4.86%"
"03/13/2022","37,829.7","38,818.4","39,297.3","37,607.4","8.04K","-2.33%"
"03/12/2022","38,730.5","38,747.1","39,359.8","38,676.9","5.63K","-0.04%"
"03/11/2022","38,747.1","39,442.5","40,164.0","38,256.2","15.91K","-1.76%"
"03/10/2022","39,442.5","41,929.6","42,038.9","38,652.3","20.81K","-5.93%"
"03/09/2022","41,929.6","38,757.3","42,577.1","38,670.0","24.65K","8.19%"
"03/08/2022","38,757.3","38,048.3","39,369.8","37,901.3","19.13K","0.94%"
"03/07/2022","38,394.7","38,413.7","39,654.8","37,192.7","19.54K","-0.05%"
"03/06/2022","38,413.7","38,760.2","39,654.8","38,124.6","10.08K","-2.52%"
"03/05/2022","39,408.5","39,166.3","41,679.9","38,624.7","8.44K","-5.28%"
"03/04/2022","41,605.9","42,469.5","44,004.5","38,656.0","24.07K","-2.03%"
"03/03/2022","42,469.5","43,937.1","44,064.1","41,811.0","19.28K","-3.34%"
"03/02/2022","43,937.1","44,435.6","45,271.9","43,402.6","17.46K","-1.12%"
"03/01/2022","44,435.6","43,233.8","44,975.0","42,889.6","22.58K","2.78%"
"02/28/2022","43,233.8","37,720.1","44,180.8","37,463.1","25.68K","14.62%"
"02/27/2022","37,720.1","39,107.6","39,837.8","37,040.8","14.43K","-3.55%"
"02/26/2022","39,107.6","39,216.2","40,092.3","38,657.6","8.60K","-0.28%"
"02/25/2022","39,216.2","38,370.6","39,701.8","38,049.6","20.76K","2.20%"
"02/24/2022","38,370.6","37,239.4","39,359.4","34,342.0","42.11K","3.04%"
"02/23/2022","37,239.4","38,255.6","39,214.1","37,094.5","15.49K","-2.66%"
"02/22/2022","38,255.6","37,029.4","38,437.3","36,394.2","22.76K","3.31%"
"02/21/2022","37,029.4","38,378.2","39,447.4","36,894.1","20.96K","-3.51%"
"02/20/2022","38,378.2","40,116.6","40,137.2","38,042.3","10.96K","-4.33%"
"02/19/2022","40,116.6","40,016.6","40,452.7","39,666.6","6.28K","0.25%"
"02/18/2022","40,016.6","40,556.4","40,962.5","39,464.6","16.44K","-1.33%"
"02/17/2022","40,556.4","43,888.6","44,192.0","40,136.6","18.62K","-7.59%"
"02/16/2022","43,888.6","44,524.7","44,565.4","43,386.1","9.66K","-1.43%"
"02/15/2022","44,524.7","42,580.8","44,740.0","42,468.4","14.14K","4.57%"
"02/14/2022","42,580.8","42,046.6","42,824.6","41,610.7","14.80K","1.27%"
"02/13/2022","42,046.6","42,228.9","42,738.5","41,885.6","6.20K","-0.43%"
"02/12/2022","42,228.9","42,387.0","43,022.2","41,775.2","8.66K","-0.37%"
"02/11/2022","42,387.0","43,531.9","43,950.7","42,029.1","19.36K","-2.63%"
"02/10/2022","43,531.9","44,414.0","45,758.5","43,285.7","20.01K","-1.99%"
"02/09/2022","44,414.0","44,065.7","44,843.7","43,200.0","12.78K","0.79%"
"02/08/2022","44,065.7","43,846.1","45,406.4","42,730.2","20.38K","0.50%"
"02/07/2022","43,846.1","42,426.9","44,507.5","41,685.6","20.03K","3.35%"
"02/06/2022","42,426.9","41,452.1","42,602.7","41,170.9","6.43K","2.35%"
"02/05/2022","41,452.1","41,576.3","41,921.7","40,955.4","11.18K","-0.30%"
"02/04/2022","41,576.3","37,283.7","41,709.9","37,064.1","22.52K","11.51%"
"02/03/2022","37,283.7","36,926.5","37,283.7","36,301.6","13.25K","0.97%"
"02/02/2022","36,926.5","38,735.6","38,871.9","36,655.8","13.77K","-4.64%"
"02/01/2022","38,725.0","38,490.5","39,227.4","38,057.1","16.34K","0.52%"
"01/31/2022","38,525.2","37,938.1","38,730.9","36,681.1","19.65K","1.61%"
"01/30/2022","37,913.5","38,171.2","38,330.8","37,402.5","10.62K","-0.68%"
"01/29/2022","38,171.2","37,746.2","38,721.5","37,345.4","13.10K","1.06%"
"01/28/2022","37,770.3","37,206.3","38,010.1","36,182.4","22.70K","1.82%"
"01/27/2022","37,095.6","36,822.4","37,225.9","35,559.4","23.56K","0.74%"
"01/26/2022","36,822.4","36,980.0","38,911.7","36,315.4","27.40K","-0.43%"
"01/25/2022","36,980.0","36,704.8","37,543.4","35,726.0","21.60K","0.75%"
"01/24/2022","36,704.8","36,275.3","37,487.9","32,951.6","38.77K","1.15%"
"01/23/2022","36,286.8","35,066.4","36,530.7","34,650.0","17.44K","3.45%"
"01/22/2022","35,077.2","36,456.9","36,824.8","34,064.7","30.03K","-3.81%"
"01/21/2022","36,468.3","40,670.9","41,114.4","35,441.5","50.73K","-10.40%"
"01/20/2022","40,699.1","41,668.4","43,506.2","40,560.0","17.84K","-2.33%"
"01/19/2022","41,671.6","42,372.1","42,578.1","41,150.0","15.64K","-1.65%"
"01/18/2022","42,369.8","42,218.0","42,682.6","41,288.9","13.66K","0.36%"
"01/17/2022","42,216.8","43,104.4","43,199.9","41,568.8","10.96K","-2.05%"
"01/16/2022","43,099.8","43,098.2","43,492.1","42,610.4","6.48K","0.03%"
"01/15/2022","43,087.2","43,089.1","43,809.3","42,579.4","6.31K","-0.01%"
"01/14/2022","43,090.8","42,581.6","43,462.8","41,766.7","13.55K","1.19%"
"01/13/2022","42,585.0","43,913.5","44,446.8","42,333.0","14.77K","-3.04%"
"01/12/2022","43,921.8","42,752.0","44,314.1","42,461.3","16.24K","2.73%"
"01/11/2022","42,754.3","41,822.9","43,129.1","41,283.6","19.70K","2.20%"
"01/10/2022","41,833.4","41,862.8","42,250.0","39,650.0","25.23K","-0.07%"
"01/09/2022","41,861.0","41,684.8","42,793.0","41,212.7","11.07K","0.42%"
"01/08/2022","41,684.8","41,561.2","42,316.3","40,527.6","15.45K","0.31%"
"01/07/2022","41,557.6","43,084.8","43,138.4","40,672.2","26.12K","-3.54%"
"01/06/2022","43,084.9","43,446.3","43,772.0","42,433.0","20.78K","-0.81%"
"01/05/2022","43,437.7","45,811.2","47,054.8","42,500.0","25.06K","-5.19%"
"01/04/2022","45,815.3","46,459.6","47,517.4","45,551.0","16.31K","-1.34%"
"01/03/2022","46,439.2","47,304.2","47,579.0","45,716.5","10.83K","-1.83%"
"01/02/2022","47,305.0","47,730.0","47,966.2","46,695.3","6.83K","-0.90%"
"01/01/2022","47,735.1","46,211.2","47,963.3","46,211.2","9.46K","3.33%"
"12/31/2021","46,197.6","47,122.1","48,574.0","45,655.4","19.00K","-1.96%"
"12/30/2021","47,122.1","46,471.2","47,917.3","45,984.9","27.41K","1.40%"
"12/29/2021","46,471.3","47,536.5","48,148.0","46,104.0","20.30K","-2.24%"
"12/28/2021","47,534.1","50,717.8","50,717.8","47,315.3","23.11K","-6.28%"
"12/27/2021","50,717.8","50,807.6","52,084.0","50,480.0","11.59K","-0.14%"
"12/26/2021","50,790.1","50,431.1","51,289.6","49,494.6","6.86K","0.72%"
"12/25/2021","50,428.1","50,844.7","51,161.6","50,204.4","5.54K","-0.81%"
"12/24/2021","50,840.6","50,833.8","51,868.0","50,465.8","11.69K","0.05%"
"12/23/2021","50,817.7","48,608.4","51,394.6","48,055.4","16.62K","4.54%"
"12/22/2021","48,608.6","48,907.0","49,574.4","48,450.0","10.75K","-0.63%"
"12/21/2021","48,915.0","46,925.1","49,332.8","46,652.9","15.45K","4.24%"
"12/20/2021","46,925.1","46,687.2","47,544.9","45,572.4","16.03K","0.50%"
"12/19/2021","46,692.4","46,857.5","48,291.4","46,447.0","9.51K","-0.35%"
"12/18/2021","46,854.9","46,166.5","47,368.7","45,522.6","8.16K","1.48%"
"12/17/2021","46,171.9","47,634.2","48,000.0","45,494.8","18.55K","-3.07%"
"12/16/2021","47,634.4","48,878.9","49,444.8","47,527.0","12.73K","-2.54%"
"12/15/2021","48,877.2","48,367.4","49,499.7","46,568.9","21.62K","1.04%"
"12/14/2021","48,375.9","46,731.3","48,672.8","46,317.7","17.10K","3.58%"
"12/13/2021","46,706.1","50,089.6","50,218.4","45,788.2","20.79K","-6.78%"
"12/12/2021","50,101.4","49,407.8","50,813.6","48,671.3","10.41K","1.44%"
"12/11/2021","49,391.7","47,181.9","49,515.5","46,805.1","11.04K","4.70%"
"12/10/2021","47,174.7","47,568.4","50,101.1","46,933.6","15.67K","-0.85%"
"12/09/2021","47,577.9","50,520.1","50,830.8","47,325.9","15.73K","-5.81%"
"12/08/2021","50,511.4","50,627.8","51,238.7","48,674.7","13.14K","-0.22%"
"12/07/2021","50,625.0","50,529.6","51,976.2","50,069.1","14.11K","0.16%"
"12/06/2021","50,544.1","49,488.3","50,989.9","47,202.2","23.07K","2.14%"
"12/05/2021","49,483.8","49,256.2","49,783.0","47,840.8","21.66K","0.44%"
"12/04/2021","49,266.1","53,655.2","53,876.1","42,720.4","31.22K","-8.26%"
"12/03/2021","53,699.8","56,521.2","57,660.0","51,776.0","19.55K","-4.99%"
"12/02/2021","56,521.5","57,222.0","57,421.0","55,845.0","12.96K","-1.22%"
"12/01/2021","57,221.2","56,981.4","59,112.9","56,480.4","16.61K","0.48%"
"11/30/2021","56,949.7","57,838.1","59,245.0","55,921.7","18.03K","-1.54%"
"11/29/2021","57,838.1","57,311.8","58,900.0","56,749.8","13.45K","0.90%"
"11/28/2021","57,321.9","54,758.8","57,475.9","53,333.0","8.19K","4.67%"
"11/27/2021","54,763.5","53,757.7","55,314.4","53,644.9","7.89K","1.80%"
"11/26/2021","53,794.3","58,999.0","59,194.0","53,534.4","25.92K","-8.80%"
"11/25/2021","58,984.2","57,162.6","59,444.4","57,046.2","10.66K","3.19%"
"11/24/2021","57,158.6","57,569.8","57,602.4","55,900.2","12.18K","-0.68%"
"11/23/2021","57,548.4","56,283.3","57,882.1","55,413.7","14.01K","2.24%"
"11/22/2021","56,287.5","58,731.3","59,369.5","55,661.3","15.88K","-4.04%"
"11/21/2021","58,659.8","59,760.8","60,057.8","58,545.7","6.65K","-1.84%"
"11/20/2021","59,760.8","58,122.2","59,900.0","57,427.7","7.58K","2.82%"
"11/19/2021","58,119.7","56,898.0","58,410.1","55,639.7","18.55K","2.12%"
"11/18/2021","56,912.4","60,350.6","60,965.0","56,520.2","26.70K","-5.69%"
"11/17/2021","60,345.2","60,106.9","60,824.4","58,448.3","20.90K","0.40%"
"11/16/2021","60,103.2","63,624.6","63,624.6","58,692.5","24.89K","-5.54%"
"11/15/2021","63,629.2","65,509.5","66,338.5","63,437.3","10.42K","-2.86%"
"11/14/2021","65,505.0","64,400.0","65,509.4","63,612.5","6.06K","1.71%"
"11/13/2021","64,403.2","64,144.4","64,970.6","63,394.2","5.97K","0.40%"
"11/12/2021","64,147.9","64,807.7","65,475.0","62,300.0","13.66K","-1.07%"
"11/11/2021","64,840.8","64,912.2","65,600.0","64,134.2","10.26K","-0.17%"
"11/10/2021","64,953.8","66,944.7","68,997.8","62,800.0","18.86K","-2.97%"
"11/09/2021","66,942.2","67,557.8","68,550.0","66,277.9","14.99K","-0.91%"
"11/08/2021","67,557.0","63,309.1","67,786.8","63,309.1","17.66K","6.71%"
"11/07/2021","63,309.1","61,539.3","63,328.0","61,397.9","5.59K","2.88%"
"11/06/2021","61,539.3","61,006.1","61,595.0","60,126.3","6.37K","0.87%"
"11/05/2021","61,010.9","61,443.3","62,619.3","60,777.0","10.60K","-0.71%"
"11/04/2021","61,448.5","62,938.0","63,114.1","60,744.7","11.05K","-2.36%"
"11/03/2021","62,931.2","63,258.7","63,560.9","60,211.4","12.95K","-0.52%"
"11/02/2021","63,261.1","60,949.5","64,296.9","60,678.7","13.69K","3.75%"
"11/01/2021","60,974.1","61,349.9","62,500.0","59,527.9","11.72K","-0.60%"
"10/31/2021","61,345.1","61,892.4","62,424.2","60,019.1","8.37K","-0.88%"
"10/30/2021","61,886.9","62,275.7","62,371.2","60,767.1","6.79K","-0.65%"
"10/29/2021","62,289.5","60,598.7","62,970.4","60,214.6","15.49K","2.77%"
"10/28/2021","60,608.2","58,455.5","62,375.8","57,970.9","19.35K","3.69%"
"10/27/2021","58,451.3","60,337.6","61,488.0","58,111.3","18.85K","-3.08%"
"10/26/2021","60,310.8","63,083.6","63,290.5","59,839.6","12.17K","-4.39%"
"10/25/2021","63,079.4","60,850.9","63,724.1","60,655.4","10.50K","3.66%"
"10/24/2021","60,854.5","61,300.0","61,491.9","59,522.9","8.57K","-0.73%"
"10/23/2021","61,304.7","60,687.6","61,750.0","59,674.6","6.71K","1.00%"
"10/22/2021","60,696.7","62,194.5","63,717.9","60,006.1","17.22K","-2.47%"
"10/21/2021","62,233.4","66,021.2","66,650.0","62,055.0","23.47K","-5.76%"
"10/20/2021","66,037.9","64,300.0","66,992.0","63,542.5","19.19K","2.70%"
"10/19/2021","64,302.2","62,044.0","64,487.3","61,393.9","17.38K","3.65%"
"10/18/2021","62,039.3","61,533.0","62,643.0","59,933.5","19.79K","0.83%"
"10/17/2021","61,530.0","60,877.4","61,703.6","59,000.0","9.15K","1.07%"
"10/16/2021","60,881.0","61,691.3","62,350.0","60,144.1","10.16K","-1.32%"
"10/15/2021","61,695.1","57,356.2","62,875.4","56,875.9","27.10K","7.56%"
"10/14/2021","57,356.5","57,367.3","58,498.0","56,864.5","12.20K","-0.03%"
"10/13/2021","57,375.0","56,005.1","57,756.0","54,284.5","14.69K","2.45%"
"10/12/2021","56,005.1","57,487.4","57,657.9","53,946.0","15.44K","-2.61%"
"10/11/2021","57,504.6","54,690.5","57,826.7","54,445.2","13.41K","5.11%"
"10/10/2021","54,710.6","54,978.0","56,496.5","54,134.9","9.36K","-0.45%"
"10/09/2021","54,957.3","53,963.5","55,483.5","53,689.4","7.04K","1.86%"
"10/08/2021","53,955.9","53,798.3","56,100.0","53,641.8","12.41K","0.30%"
"10/07/2021","53,796.2","55,346.9","55,352.0","53,389.0","15.82K","-2.79%"
"10/06/2021","55,342.6","51,504.4","55,747.8","50,428.9","25.86K","7.49%"
"10/05/2021","51,487.9","49,245.5","51,906.2","49,059.1","17.82K","4.58%"
"10/04/2021","49,235.3","48,234.0","49,500.0","46,916.7","13.93K","2.08%"
"10/03/2021","48,231.8","47,657.7","49,225.6","47,126.1","7.99K","1.19%"
"10/02/2021","47,662.4","48,165.8","48,343.8","47,451.0","7.26K","-1.05%"
"10/01/2021","48,166.2","43,824.4","48,490.0","43,289.0","20.09K","9.91%"
"09/30/2021","43,824.4","41,519.9","44,110.2","41,413.9","12.83K","5.56%"
"09/29/2021","41,517.1","41,026.1","42,596.6","40,782.3","10.30K","1.16%"
"09/28/2021","41,042.8","42,171.8","42,780.0","40,900.0","10.47K","-2.69%"
"09/27/2021","42,176.3","43,172.2","44,365.9","42,117.0","10.08K","-2.33%"
"09/26/2021","43,182.9","42,705.5","43,933.4","40,803.0","9.96K","1.12%"
"09/25/2021","42,706.2","42,840.7","42,992.2","41,693.4","7.38K","-0.31%"
"09/24/2021","42,840.7","44,888.1","45,167.3","40,710.0","22.45K","-4.58%"
"09/23/2021","44,897.6","43,575.1","45,000.0","43,099.0","13.45K","3.04%"
"09/22/2021","43,575.1","40,736.6","44,028.6","40,573.1","19.46K","6.99%"
"09/21/2021","40,727.9","43,013.0","43,625.9","39,606.4","27.27K","-5.31%"
"09/20/2021","43,013.8","47,254.1","47,346.0","42,504.0","27.69K","-8.97%"
"09/19/2021","47,251.6","48,313.0","48,379.2","46,865.9","7.09K","-2.20%"
"09/18/2021","48,314.6","47,303.0","48,809.0","47,053.9","7.49K","2.14%"
"09/17/2021","47,301.2","47,754.2","48,168.0","46,763.6","9.09K","-0.95%"
"09/16/2021","47,753.2","48,144.0","48,500.0","47,039.7","11.74K","-0.82%"
"09/15/2021","48,148.1","47,121.2","48,460.7","46,712.1","12.14K","2.16%"
"09/14/2021","47,130.9","44,947.7","47,273.4","44,718.0","12.64K","4.86%"
"09/13/2021","44,947.7","46,034.3","46,865.9","43,468.6","15.01K","-2.34%"
"09/12/2021","46,024.2","45,171.8","46,439.6","44,755.0","6.49K","1.89%"
"09/11/2021","45,169.6","44,851.4","45,988.0","44,730.3","6.21K","0.71%"
"09/10/2021","44,851.4","46,394.4","47,032.8","44,190.2","14.90K","-3.32%"
"09/09/2021","46,390.1","46,059.9","47,397.9","45,548.8","13.59K","0.68%"
"09/08/2021","46,077.1","46,894.5","47,377.2","44,444.0","19.62K","-1.69%"
"09/07/2021","46,871.5","52,698.8","52,931.2","43,036.0","29.01K","-11.06%"
"09/06/2021","52,699.7","51,789.1","52,785.4","51,026.9","9.56K","1.75%"
"09/05/2021","51,794.0","49,940.4","51,905.1","49,507.5","7.74K","3.71%"
"09/04/2021","49,941.5","50,025.0","50,558.7","49,418.0","7.59K","-0.17%"
"09/03/2021","50,025.0","49,279.4","51,051.2","48,355.7","14.57K","1.53%"
"09/02/2021","49,273.5","48,839.9","50,385.4","48,627.2","14.11K","0.89%"
"09/01/2021","48,839.9","47,110.3","49,097.0","46,537.8","13.00K","3.65%"
"08/31/2021","47,120.0","46,993.7","48,250.0","46,710.1","12.92K","0.26%"
"08/30/2021","46,996.8","48,802.6","48,906.5","46,869.9","12.24K","-3.70%"
"08/29/2021","48,802.6","48,942.9","49,662.8","47,809.2","6.93K","-0.27%"
"08/28/2021","48,934.6","49,082.1","49,309.7","48,395.0","4.89K","-0.31%"
"08/27/2021","49,085.4","46,851.5","49,176.3","46,366.6","8.92K","4.78%"
"08/26/2021","46,846.6","48,987.3","49,355.1","46,319.0","11.63K","-4.38%"
"08/25/2021","48,991.0","47,682.4","49,261.7","47,130.3","9.29K","2.70%"
"08/24/2021","47,703.8","49,504.5","49,875.9","47,614.4","12.06K","-3.67%"
"08/23/2021","49,521.3","49,284.4","50,505.0","49,059.0","10.82K","0.48%"
"08/22/2021","49,286.8","48,867.0","49,525.0","48,102.9","6.24K","0.85%"
"08/21/2021","48,872.4","49,342.4","49,819.3","48,297.1","9.56K","-0.95%"
"08/20/2021","49,339.1","46,765.9","49,381.0","46,645.8","13.17K","5.50%"
"08/19/2021","46,765.8","44,709.1","47,038.1","43,977.0","11.93K","4.61%"
"08/18/2021","44,703.5","44,671.6","46,033.9","44,220.0","10.30K","0.03%"
"08/17/2021","44,689.9","45,903.2","47,171.0","44,425.9","12.75K","-2.67%"
"08/16/2021","45,918.0","47,014.5","48,068.0","45,676.9","10.46K","-2.33%"
"08/15/2021","47,013.2","47,109.6","47,385.5","45,531.1","7.74K","-0.20%"
"08/14/2021","47,109.6","47,833.6","48,152.9","46,044.3","8.13K","-1.51%"
"08/13/2021","47,833.3","44,428.4","47,903.0","44,250.8","11.79K","7.67%"
"08/12/2021","44,426.7","45,537.6","46,223.9","43,788.8","13.16K","-2.50%"
"08/11/2021","45,567.4","45,595.6","46,778.6","45,353.0","11.62K","-0.06%"
"08/10/2021","45,595.7","46,280.0","46,700.0","44,663.5","13.75K","-1.49%"
"08/09/2021","46,285.5","43,829.7","46,495.4","42,834.4","19.46K","5.59%"
"08/08/2021","43,836.8","44,626.0","45,354.0","43,310.0","18.71K","-1.80%"
"08/07/2021","44,639.5","42,869.6","44,750.0","42,488.8","19.63K","4.13%"
"08/06/2021","42,869.6","40,888.7","43,389.8","39,886.6","20.42K","4.84%"
"08/05/2021","40,892.0","39,718.9","41,423.0","37,327.5","28.51K","2.92%"
"08/04/2021","39,730.0","38,184.0","39,956.9","37,517.0","15.32K","4.02%"
"08/03/2021","38,193.2","39,149.6","39,780.0","37,635.2","15.09K","-2.45%"
"08/02/2021","39,153.9","39,859.2","40,459.7","38,690.0","12.38K","-1.78%"
"08/01/2021","39,865.0","41,488.0","42,595.4","39,452.1","10.61K","-3.91%"
"07/31/2021","41,488.4","42,224.9","42,395.6","41,065.8","9.28K","-1.78%"
"07/30/2021","42,241.1","40,039.4","42,300.0","38,354.8","15.04K","5.49%"
"07/29/2021","40,041.8","40,035.1","40,644.8","39,283.6","11.01K","0.05%"
"07/28/2021","40,020.2","39,482.3","40,910.0","38,815.3","27.19K","1.35%"
"07/27/2021","39,488.8","37,262.8","39,530.9","36,415.0","24.66K","6.00%"
"07/26/2021","37,253.3","35,428.3","40,558.1","35,259.4","40.35K","5.15%"
"07/25/2021","35,428.3","34,365.3","35,445.2","33,888.9","9.42K","4.67%"
"07/24/2021","33,847.9","33,647.3","34,045.3","33,426.9","8.65K","0.61%"
"07/23/2021","33,642.6","32,290.4","33,642.6","32,011.1","9.00K","4.17%"
"07/22/2021","32,297.0","32,152.7","32,606.7","31,732.4","7.70K","0.51%"
"07/21/2021","32,131.6","29,796.9","32,804.3","29,510.0","15.60K","7.87%"
"07/20/2021","29,787.1","30,842.0","31,046.8","29,307.5","18.11K","-3.41%"
"07/19/2021","30,839.5","31,786.4","31,887.8","30,442.3","11.02K","-2.98%"
"07/18/2021","31,788.3","31,527.3","32,439.9","31,132.0","5.01K","0.81%"
"07/17/2021","31,533.9","31,377.3","31,944.8","31,185.0","5.69K","0.49%"
"07/16/2021","31,381.1","31,877.8","32,253.1","31,025.4","10.00K","-1.47%"
"07/15/2021","31,850.9","32,816.4","33,185.0","31,134.6","11.24K","-2.94%"
"07/14/2021","32,817.2","32,734.2","33,096.8","31,605.5","10.35K","0.24%"
"07/13/2021","32,737.0","33,091.1","33,332.6","32,202.0","9.47K","-1.11%"
"07/12/2021","33,103.4","34,263.5","34,647.0","32,667.5","10.11K","-3.36%"
"07/11/2021","34,253.8","33,515.4","34,588.9","33,333.3","7.02K","2.20%"
"07/10/2021","33,515.4","33,828.7","34,251.0","33,043.7","4.90K","-0.91%"
"07/09/2021","33,824.3","32,834.7","34,100.0","32,267.3","8.32K","2.89%"
"07/08/2021","32,874.2","33,878.6","33,934.6","32,116.9","14.12K","-2.98%"
"07/07/2021","33,883.0","34,225.7","35,067.8","33,805.3","9.40K","-0.78%"
"07/06/2021","34,150.0","33,697.8","34,518.5","33,697.8","9.68K","1.34%"
"07/05/2021","33,700.0","35,284.1","35,284.1","33,680.3","9.60K","-4.49%"
"07/04/2021","35,284.1","35,501.2","35,530.0","35,284.1","6.22K","1.59%"
"07/03/2021","34,730.2","33,805.0","34,730.2","33,716.6","6.08K","2.74%"
"07/02/2021","33,805.2","33,514.6","33,805.2","33,066.4","11.76K","0.82%"
"07/01/2021","33,528.9","35,060.0","35,060.0","33,198.4","13.21K","-4.36%"
"06/30/2021","35,057.3","35,901.9","35,901.9","34,933.3","16.70K","-2.38%"
"06/29/2021","35,910.5","34,493.2","35,910.5","34,493.2","17.90K","4.11%"
"06/28/2021","34,493.2","34,706.0","34,706.0","34,134.6","14.92K","-0.58%"
"06/27/2021","34,695.2","32,275.5","34,695.2","32,275.5","14.41K","7.49%"
"06/26/2021","32,277.9","31,590.5","32,277.9","31,150.6","18.27K","2.14%"
"06/25/2021","31,600.3","34,653.2","35,044.8","31,600.3","26.50K","-8.82%"
"06/24/2021","34,655.7","33,688.5","34,655.7","33,268.1","16.85K","2.92%"
"06/23/2021","33,671.0","32,538.4","34,181.9","32,538.4","23.12K","3.55%"
"06/22/2021","32,517.2","31,610.6","32,819.1","31,610.6","48.38K","2.84%"
"06/21/2021","31,617.8","35,585.8","35,585.8","31,617.8","41.29K","-11.15%"
"06/20/2021","35,585.8","35,484.8","35,585.8","35,030.0","19.39K","0.24%"
"06/19/2021","35,500.0","35,835.7","36,136.9","35,500.0","16.80K","-0.89%"
"06/18/2021","35,817.3","38,095.2","38,095.2","35,817.3","23.46K","-5.95%"
"06/17/2021","38,084.2","38,351.0","39,349.3","38,084.2","15.96K","-0.70%"
"06/16/2021","38,351.0","40,159.1","40,315.6","38,351.0","17.23K","-4.51%"
"06/15/2021","40,162.4","40,540.5","40,540.5","40,013.8","17.02K","-0.91%"
"06/14/2021","40,530.7","39,025.3","40,546.8","39,025.3","21.90K","3.88%"
"06/13/2021","39,015.2","35,552.5","39,015.2","35,546.2","15.73K","9.76%"
"06/12/2021","35,546.7","37,338.4","37,338.4","35,158.0","14.51K","-4.80%"
"06/11/2021","37,337.5","36,696.8","37,337.5","36,696.8","14.13K","1.79%"
"06/10/2021","36,680.2","37,398.0","37,398.0","36,596.6","19.85K","-1.92%"
"06/09/2021","37,398.4","33,402.1","37,398.4","33,134.4","26.03K","11.96%"
"06/08/2021","33,404.1","33,575.9","33,575.9","32,770.0","34.93K","-0.53%"
"06/07/2021","33,580.7","35,808.7","36,043.1","33,580.7","18.99K","-6.21%"
"06/06/2021","35,804.0","35,539.5","35,901.9","35,539.5","8.18K","0.74%"
"06/05/2021","35,539.8","36,856.5","37,540.0","35,539.8","13.65K","-3.59%"
"06/04/2021","36,863.6","39,244.9","39,244.9","36,741.3","17.92K","-6.03%"
"06/03/2021","39,230.1","37,581.8","39,230.1","37,581.8","14.32K","4.40%"
"06/02/2021","37,575.0","36,685.0","37,931.6","36,515.9","13.95K","2.43%"
"06/01/2021","36,685.0","37,276.2","37,276.2","35,958.9","15.71K","-1.59%"
"05/31/2021","37,276.4","35,640.3","37,276.4","34,663.9","19.53K","4.51%"
"05/30/2021","35,669.4","34,639.9","35,827.3","34,639.9","16.04K","3.04%"
"05/29/2021","34,618.7","35,680.5","36,831.0","34,482.3","28.00K","-2.98%"
"05/28/2021","35,680.9","38,556.9","38,556.9","35,680.9","36.23K","-7.38%"
"05/27/2021","38,524.0","39,293.2","39,566.7","37,560.1","19.38K","-1.95%"
"05/26/2021","39,290.7","38,371.8","39,290.7","38,212.8","25.10K","2.42%"
"05/25/2021","38,361.8","38,878.6","38,878.6","37,619.0","26.07K","-1.24%"
"05/24/2021","38,842.9","34,796.5","38,842.9","34,796.5","44.41K","11.88%"
"05/23/2021","34,718.2","37,493.4","37,493.4","34,155.5","53.42K","-7.36%"
"05/22/2021","37,476.1","37,333.1","38,159.7","36,711.1","29.23K","0.36%"
"05/21/2021","37,342.6","40,613.7","41,280.0","37,342.6","55.95K","-8.03%"
"05/20/2021","40,602.4","36,778.0","40,602.4","36,778.0","51.24K","10.57%"
"05/19/2021","36,721.2","42,857.1","42,857.1","36,721.2","109.48K","-14.36%"
"05/18/2021","42,878.8","43,573.5","45,100.6","42,805.0","28.20K","-1.55%"
"05/17/2021","43,552.8","46,455.4","46,455.4","43,552.8","43.65K","-6.22%"
"05/16/2021","46,440.7","46,775.8","48,943.6","45,763.8","30.62K","-0.64%"
"05/15/2021","46,738.8","49,893.5","50,619.6","46,738.8","21.88K","-6.28%"
"05/14/2021","49,868.6","49,686.7","50,660.2","49,686.7","21.98K","0.36%"
"05/13/2021","49,691.9","49,448.8","50,527.1","49,448.8","42.24K","0.45%"
"05/12/2021","49,468.1","56,755.9","57,274.4","49,468.1","29.42K","-12.86%"
"05/11/2021","56,767.6","55,866.4","56,767.6","55,023.3","15.44K","1.62%"
"05/10/2021","55,864.8","58,328.1","58,328.1","55,864.8","24.64K","-4.17%"
"05/09/2021","58,294.7","58,974.5","58,974.5","57,876.3","17.16K","-1.13%"
"05/08/2021","58,962.1","57,380.4","58,962.1","57,380.4","15.36K","2.77%"
"05/07/2021","57,372.8","56,444.6","57,372.8","56,444.6","18.32K","1.64%"
"05/06/2021","56,448.6","57,515.7","57,515.7","56,448.6","18.24K","-1.86%"
"05/05/2021","57,515.7","53,331.9","57,515.7","53,331.9","22.90K","8.14%"
"05/04/2021","53,184.9","57,197.5","57,197.5","53,184.9","23.33K","-7.02%"
"05/03/2021","57,197.5","56,623.0","57,925.6","56,623.0","15.16K","1.01%"
"05/02/2021","56,625.2","57,858.3","57,858.3","56,625.2","7.64K","-2.13%"
"05/01/2021","57,858.8","57,797.8","57,858.8","57,527.9","10.78K","0.10%"
"04/30/2021","57,801.5","53,584.7","57,801.5","53,584.7","16.53K","7.87%"
"04/29/2021","53,583.6","54,884.3","54,884.3","53,583.6","14.59K","-2.34%"
"04/28/2021","54,867.6","55,071.6","55,071.6","54,224.5","16.48K","-0.37%"
"04/27/2021","55,069.6","54,022.6","55,069.6","54,022.6","13.95K","1.94%"
"04/26/2021","54,022.6","49,121.0","54,022.6","49,121.0","17.99K","9.98%"
"04/25/2021","49,121.0","50,089.1","50,225.3","49,121.0","14.63K","-1.96%"
"04/24/2021","50,101.5","51,179.8","51,179.8","50,101.5","11.83K","-2.13%"
"04/23/2021","51,191.4","51,696.0","51,696.0","49,332.9","38.78K","-1.02%"
"04/22/2021","51,720.9","53,795.6","55,030.7","51,720.9","30.40K","-3.86%"
"04/21/2021","53,795.1","56,499.3","56,499.3","53,795.1","15.56K","-4.79%"
"04/20/2021","56,499.3","55,696.8","56,499.3","55,696.8","18.59K","1.45%"
"04/19/2021","55,689.4","56,274.4","56,687.4","55,689.4","16.83K","-1.05%"
"04/18/2021","56,280.9","60,065.5","60,065.5","55,467.6","36.89K","-6.30%"
"04/17/2021","60,063.6","61,427.8","62,368.5","60,063.6","10.84K","-2.22%"
"04/16/2021","61,427.8","63,229.1","63,229.1","61,427.8","19.86K","-2.85%"
"04/15/2021","63,229.0","62,971.8","63,410.0","62,801.2","11.21K","0.41%"
"04/14/2021","62,971.8","63,605.3","63,605.3","62,971.8","22.56K","-0.97%"
"04/13/2021","63,588.2","59,837.2","63,588.2","59,837.2","17.88K","6.26%"
"04/12/2021","59,839.8","59,983.7","60,419.6","59,839.8","11.46K","-0.25%"
"04/11/2021","59,989.3","59,782.4","59,989.3","59,481.0","7.27K","0.33%"
"04/10/2021","59,793.6","58,092.7","60,623.3","58,092.7","12.81K","2.95%"
"04/09/2021","58,083.0","58,083.1","58,286.0","58,032.0","8.09K","0.00%"
"04/08/2021","58,083.1","55,963.6","58,083.1","55,963.6","8.07K","3.80%"
"04/07/2021","55,955.7","58,021.4","58,067.3","55,955.7","17.77K","-3.55%"
"04/06/2021","58,013.8","59,135.4","59,135.4","58,013.8","10.35K","-1.87%"
"04/05/2021","59,121.2","58,215.9","59,121.2","57,033.2","9.19K","1.56%"
"04/04/2021","58,212.4","57,094.3","58,212.4","57,094.3","6.30K","1.95%"
"04/03/2021","57,098.5","58,977.5","59,428.1","57,098.5","8.39K","-3.19%"
"04/02/2021","58,981.0","58,726.5","59,373.7","58,726.5","10.97K","0.44%"
"04/01/2021","58,723.3","58,800.0","58,826.2","58,723.3","11.10K","-0.13%"
"03/31/2021","58,800.0","58,786.5","58,800.0","58,522.4","17.36K","0.02%"
"03/30/2021","58,786.5","57,597.7","58,786.5","57,179.6","15.10K","2.04%"
"03/29/2021","57,613.1","55,785.9","57,833.9","55,785.9","17.55K","3.27%"
"03/28/2021","55,787.3","55,856.5","56,106.3","55,056.8","9.23K","-0.16%"
"03/27/2021","55,877.8","55,072.4","55,877.8","54,915.0","11.33K","1.44%"
"03/26/2021","55,083.9","51,320.0","55,083.9","51,320.0","17.84K","7.28%"
"03/25/2021","51,346.8","52,256.8","52,969.1","51,060.0","29.63K","-1.79%"
"03/24/2021","52,283.1","54,345.5","55,507.4","52,283.1","23.76K","-3.85%"
"03/23/2021","54,376.4","54,118.1","55,487.1","53,568.7","19.21K","0.51%"
"03/22/2021","54,100.0","57,363.3","57,381.9","54,100.0","19.49K","-5.74%"
"03/21/2021","57,394.7","58,127.8","58,127.8","57,209.0","11.84K","-1.26%"
"03/20/2021","58,126.2","58,045.5","58,732.4","58,045.5","9.72K","0.13%"
"03/19/2021","58,049.5","57,644.9","58,421.4","57,644.9","16.42K","0.70%"
"03/18/2021","57,644.9","58,918.3","58,918.3","57,644.9","21.46K","-2.17%"
"03/17/2021","58,925.4","56,928.2","58,925.4","54,947.0","22.68K","3.51%"
"03/16/2021","56,927.5","55,620.0","56,927.5","54,380.9","24.42K","2.29%"
"03/15/2021","55,653.1","59,022.2","59,483.3","55,653.1","31.63K","-5.67%"
"03/14/2021","58,999.6","61,181.2","61,181.2","58,999.6","13.48K","-3.55%"
"03/13/2021","61,170.2","57,232.9","61,170.2","56,618.9","22.30K","6.85%"
"03/12/2021","57,246.3","57,816.8","57,816.8","57,108.3","21.76K","-1.00%"
"03/11/2021","57,822.4","56,516.8","57,822.4","56,516.8","24.36K","477.59%"
"09/09/2020","10,011.0","10,125.7","10,125.7","10,011.0","","-1.14%"
"09/08/2020","10,126.4","10,375.0","10,375.0","10,029.3","15.75K","-2.40%"
"09/07/2020","10,375.0","10,257.9","10,375.0","9,926.0","11.98K","1.15%"
"09/06/2020","10,256.7","10,168.4","10,256.7","10,168.4","9.51K","0.86%"
"09/05/2020","10,169.6","10,483.5","10,485.3","10,074.9","22.43K","-2.99%"
"09/04/2020","10,483.5","10,172.8","10,483.5","10,172.8","23.33K","3.02%"
"09/03/2020","10,176.3","11,395.5","11,395.5","10,176.3","30.32K","-10.70%"
"09/02/2020","11,395.5","11,924.2","11,924.2","11,320.8","19.71K","-4.43%"
"09/01/2020","11,924.2","11,655.0","11,924.2","11,622.5","16.00K","2.31%"
"08/31/2020","11,655.0","11,716.0","11,716.0","11,655.0","9.11K","-0.52%"
"08/30/2020","11,716.0","11,474.3","11,716.0","11,474.3","5.58K","2.11%"
"08/29/2020","11,474.3","11,535.0","11,535.0","11,474.3","5.41K","-0.53%"
"08/28/2020","11,535.0","11,330.1","11,535.0","11,330.1","10.37K","1.82%"
"08/27/2020","11,328.7","11,463.3","11,463.3","11,322.4","13.50K","-1.17%"
"08/26/2020","11,463.3","11,324.9","11,463.3","11,324.9","9.10K","1.22%"
"08/25/2020","11,324.9","11,753.8","11,753.8","11,319.0","14.34K","-3.66%"
"08/24/2020","11,754.9","11,650.0","11,754.9","11,650.0","7.25K","0.90%"
"08/23/2020","11,650.0","11,672.9","11,672.9","11,603.9","5.51K","-0.20%"
"08/22/2020","11,672.9","11,529.2","11,672.9","11,529.2","7.94K","1.25%"
"08/21/2020","11,529.2","11,864.3","11,864.3","11,529.2","14.86K","-2.82%"
"08/20/2020","11,864.3","11,758.9","11,869.9","11,716.7","8.80K","0.89%"
"08/19/2020","11,759.5","11,950.0","11,950.0","11,759.5","16.63K","-1.61%"
"08/18/2020","11,951.8","12,304.3","12,304.3","11,951.8","18.58K","-2.84%"
"08/17/2020","12,300.5","11,918.8","12,300.5","11,829.0","23.75K","3.20%"
"08/16/2020","11,918.9","11,859.2","11,918.9","11,798.4","8.88K","0.50%"
"08/15/2020","11,859.2","11,776.5","11,859.2","11,776.5","12.57K","0.68%"
"08/14/2020","11,779.0","11,796.0","11,806.8","11,779.0","13.83K","-0.13%"
"08/13/2020","11,794.8","11,566.5","11,794.8","11,398.7","15.35K","1.97%"
"08/12/2020","11,566.5","11,388.5","11,566.5","11,388.5","12.80K","1.57%"
"08/11/2020","11,388.0","11,900.0","11,900.0","11,388.0","20.72K","-4.30%"
"08/10/2020","11,899.7","11,688.5","12,011.0","11,688.5","22.15K","1.81%"
"08/09/2020","11,688.5","11,775.0","11,775.0","11,666.0","7.60K","-0.75%"
"08/08/2020","11,776.7","11,606.5","11,776.7","11,606.5","7.31K","1.45%"
"08/07/2020","11,608.5","11,773.9","11,773.9","11,465.0","23.77K","-1.40%"
"08/06/2020","11,773.9","11,756.8","11,773.9","11,683.9","18.05K","0.15%"
"08/05/2020","11,756.7","11,197.0","11,756.7","11,197.0","16.65K","5.00%"
"08/04/2020","11,197.0","11,233.2","11,268.4","11,197.0","12.07K","-0.32%"
"08/03/2020","11,233.1","11,068.0","11,233.1","11,068.0","13.81K","1.55%"
"08/02/2020","11,061.6","11,810.1","11,944.6","11,061.6","28.11K","-6.35%"
"08/01/2020","11,811.5","11,351.6","11,811.5","11,279.8","18.29K","4.05%"
"07/31/2020","11,351.6","11,116.0","11,351.6","11,116.0","15.73K","2.11%"
"07/30/2020","11,117.2","11,110.1","11,117.2","10,933.3","12.41K","0.05%"
"07/29/2020","11,111.5","10,934.2","11,241.3","10,934.2","18.57K","1.62%"
"07/28/2020","10,934.3","11,047.4","11,047.4","10,934.3","26.05K","-1.01%"
"07/27/2020","11,045.8","9,942.4","11,045.8","9,942.4","41.80K","11.11%"
"07/26/2020","9,941.0","9,711.3","9,941.0","9,711.3","11.62K","2.36%"
"07/25/2020","9,711.3","9,551.2","9,711.3","9,551.2","6.97K","1.68%"
"07/24/2020","9,551.2","9,617.5","9,617.5","9,551.2","9.81K","-0.70%"
"07/23/2020","9,618.1","9,536.2","9,618.1","9,501.3","13.02K","0.86%"
"07/22/2020","9,536.2","9,394.1","9,536.2","9,330.3","10.34K","1.51%"
"07/21/2020","9,394.1","9,161.0","9,394.1","9,161.0","9.59K","2.54%"
"07/20/2020","9,161.0","9,214.0","9,214.0","9,161.0","5.81K","-0.56%"
"07/19/2020","9,212.9","9,175.8","9,212.9","9,175.8","3.52K","0.40%"
"07/18/2020","9,176.1","9,154.3","9,176.7","9,130.7","4.12K","0.24%"
"07/17/2020","9,154.3","9,130.1","9,154.3","9,103.6","6.42K","0.26%"
"07/16/2020","9,130.1","9,187.8","9,187.8","9,045.9","8.77K","-0.65%"
"07/15/2020","9,190.0","9,256.9","9,256.9","9,190.0","7.19K","-0.72%"
"07/14/2020","9,256.9","9,236.9","9,256.9","9,179.3","7.50K","0.22%"
"07/13/2020","9,236.9","9,298.9","9,320.0","9,236.9","8.72K","-0.67%"
"07/12/2020","9,298.9","9,233.0","9,298.9","9,213.0","5.40K","0.69%"
"07/11/2020","9,235.0","9,292.2","9,292.2","9,208.3","3.37K","-0.59%"
"07/10/2020","9,289.8","9,230.0","9,289.8","9,218.2","6.89K","0.57%"
"07/09/2020","9,237.0","9,435.3","9,435.3","9,237.0","8.45K","-2.10%"
"07/08/2020","9,435.3","9,253.9","9,435.3","9,253.9","10.13K","1.96%"
"07/07/2020","9,254.0","9,343.3","9,343.3","9,254.0","6.33K","-0.96%"
"07/06/2020","9,343.2","9,075.0","9,343.2","9,075.0","10.02K","2.93%"
"07/05/2020","9,077.2","9,138.5","9,145.0","8,994.0","4.54K","-0.72%"
"07/04/2020","9,142.9","9,063.9","9,195.8","9,044.3","5.31K","0.87%"
"07/03/2020","9,063.9","9,091.5","9,126.1","9,038.4","7.73K","-0.30%"
"07/02/2020","9,091.5","9,240.0","9,265.0","8,946.6","10.77K","-1.59%"
"07/01/2020","9,238.8","9,136.2","9,297.0","9,088.0","7.56K","1.12%"
"06/30/2020","9,136.2","9,190.1","9,201.0","9,060.6","6.81K","-0.53%"
"06/29/2020","9,184.5","9,113.3","9,236.8","9,014.8","8.67K","0.78%"
"06/28/2020","9,113.2","9,002.5","9,189.0","8,933.5","5.53K","1.23%"
"06/27/2020","9,002.2","9,155.4","9,188.1","8,832.3","8.50K","-1.67%"
"06/26/2020","9,155.4","9,242.9","9,291.7","9,033.9","10.70K","-0.94%"
"06/25/2020","9,242.8","9,285.9","9,335.0","8,990.1","13.69K","-0.52%"
"06/24/2020","9,291.1","9,623.6","9,663.4","9,195.0","13.24K","-3.45%"
"06/23/2020","9,623.6","9,692.0","9,724.5","9,575.6","7.96K","-0.68%"
"06/22/2020","9,689.3","9,286.1","9,787.3","9,268.4","11.78K","4.34%"
"06/21/2020","9,286.1","9,355.7","9,418.8","9,273.0","3.08K","-0.74%"
"06/20/2020","9,355.7","9,300.0","9,391.7","9,166.4","6.91K","0.58%"
"06/19/2020","9,301.9","9,376.1","9,427.8","9,229.0","7.87K","-0.79%"
"06/18/2020","9,376.1","9,457.5","9,480.8","9,268.9","6.30K","-0.86%"
"06/17/2020","9,457.5","9,526.3","9,556.3","9,229.0","8.94K","-0.72%"
"06/16/2020","9,526.3","9,427.9","9,588.4","9,381.0","10.35K","1.04%"
"06/15/2020","9,427.9","9,325.0","9,499.0","8,895.0","18.60K","1.05%"
"06/14/2020","9,329.5","9,475.0","9,481.0","9,246.0","4.82K","-1.54%"
"06/13/2020","9,475.0","9,464.2","9,493.8","9,346.0","4.57K","0.09%"
"06/12/2020","9,466.2","9,268.1","9,552.9","9,229.7","11.07K","2.16%"
"06/11/2020","9,266.4","9,893.2","9,969.0","9,062.0","26.71K","-6.34%"
"06/10/2020","9,893.8","9,779.4","10,002.0","9,698.5","12.97K","1.17%"
"06/09/2020","9,779.4","9,781.5","9,885.2","9,570.0","10.34K","-0.02%"
"06/08/2020","9,781.5","9,750.1","9,808.0","9,641.0","8.53K","0.32%"
"06/07/2020","9,750.1","9,671.4","9,812.6","9,381.9","11.63K","0.81%"
"06/06/2020","9,671.7","9,613.4","9,734.3","9,528.1","6.52K","0.59%"
"06/05/2020","9,615.3","9,788.0","9,855.0","9,606.0","12.47K","-1.81%"
"06/04/2020","9,792.7","9,668.1","9,887.6","9,451.0","12.45K","1.29%"
"06/03/2020","9,668.1","9,522.5","9,691.1","9,385.2","11.43K","1.52%"
"06/02/2020","9,523.4","10,209.0","10,237.6","9,279.1","33.30K","-6.68%"
"06/01/2020","10,204.9","9,446.6","10,392.1","9,417.4","21.60K","7.98%"
"05/31/2020","9,451.0","9,700.3","9,705.6","9,385.0","7.95K","-2.57%"
"05/30/2020","9,700.0","9,423.9","9,750.0","9,333.4","10.50K","2.93%"
"05/29/2020","9,423.8","9,582.6","9,605.0","9,335.4","10.45K","-1.66%"
"05/28/2020","9,582.7","9,208.5","9,624.9","9,112.0","14.49K","4.09%"
"05/27/2020","9,206.2","8,844.4","9,230.0","8,812.0","10.92K","4.08%"
"05/26/2020","8,845.1","8,899.3","9,017.0","8,697.5","11.51K","-0.61%"
"05/25/2020","8,899.3","8,714.3","8,977.0","8,635.7","12.37K","2.16%"
"05/24/2020","8,711.5","9,181.8","9,305.9","8,697.0","12.96K","-5.12%"
"05/23/2020","9,181.8","9,168.8","9,312.9","9,090.9","6.89K","0.14%"
"05/22/2020","9,168.8","9,061.0","9,266.6","8,925.6","13.83K","1.23%"
"05/21/2020","9,057.0","9,509.4","9,567.6","8,801.0","27.98K","-4.76%"
"05/20/2020","9,509.4","9,783.8","9,837.0","9,305.4","16.91K","-2.80%"
"05/19/2020","9,783.5","9,728.5","9,897.6","9,469.4","15.21K","0.57%"
"05/18/2020","9,728.5","9,675.3","9,957.3","9,461.3","17.71K","0.54%"
"05/17/2020","9,676.5","9,383.2","9,895.8","9,328.0","13.54K","3.13%"
"05/16/2020","9,383.2","9,312.1","9,588.1","9,218.8","10.88K","0.76%"
"05/15/2020","9,312.1","9,795.3","9,848.3","9,120.0","25.10K","-4.93%"
"05/14/2020","9,795.3","9,321.3","9,939.7","9,266.0","28.75K","5.09%"
"05/13/2020","9,321.1","8,821.4","9,419.2","8,804.0","21.37K","5.65%"
"05/12/2020","8,822.4","8,572.4","8,980.5","8,540.2","20.26K","2.92%"
"05/11/2020","8,572.4","8,729.9","9,179.0","8,185.0","39.98K","-1.85%"
"05/10/2020","8,734.0","9,537.2","9,558.0","8,110.0","51.09K","-8.45%"
"05/09/2020","9,540.0","9,810.0","9,920.7","9,521.4","17.76K","-2.77%"
"05/08/2020","9,811.5","10,004.8","10,049.0","9,731.9","26.41K","-1.92%"
"05/07/2020","10,004.0","9,155.8","10,076.7","9,037.0","39.64K","9.19%"
"05/06/2020","9,161.8","9,028.8","9,411.8","8,924.3","27.43K","1.47%"
"05/05/2020","9,028.8","8,883.5","9,122.8","8,772.5","16.31K","1.64%"
"05/04/2020","8,883.5","8,907.8","8,970.0","8,534.0","18.38K","-0.30%"
"05/03/2020","8,910.0","8,984.7","9,203.5","8,732.9","17.15K","-0.82%"
"05/02/2020","8,983.8","8,829.4","9,025.0","8,764.2","10.55K","1.75%"
"05/01/2020","8,829.4","8,624.3","9,070.8","8,624.3","21.69K","2.27%"
"04/30/2020","8,633.2","8,797.5","9,474.2","8,411.0","44.83K","-1.83%"
"04/29/2020","8,794.4","7,758.4","8,978.7","7,727.3","48.68K","13.30%"
"04/28/2020","7,762.0","7,790.9","7,794.7","7,672.0","10.98K","-0.36%"
"04/27/2020","7,789.8","7,706.4","7,803.2","7,639.0","15.46K","1.08%"
"04/26/2020","7,706.4","7,545.9","7,713.6","7,493.1","9.29K","2.10%"
"04/25/2020","7,547.6","7,515.0","7,718.3","7,437.9","7.44K","0.44%"
"04/24/2020","7,514.6","7,496.4","7,609.2","7,395.5","13.77K","0.33%"
"04/23/2020","7,490.1","7,136.7","7,771.0","7,031.1","22.76K","4.95%"
"04/22/2020","7,136.8","6,853.7","7,166.2","6,826.0","13.13K","4.14%"
"04/21/2020","6,853.2","6,838.2","6,955.0","6,776.7","14.47K","0.17%"
"04/20/2020","6,841.4","7,131.3","7,224.0","6,753.6","18.40K","-4.06%"
"04/19/2020","7,130.7","7,263.3","7,274.9","7,063.1","8.88K","-1.80%"
"04/18/2020","7,261.2","7,033.9","7,305.1","7,022.8","11.52K","3.25%"
"04/17/2020","7,033.0","7,112.6","7,156.7","7,001.0","13.54K","-1.12%"
"04/16/2020","7,112.8","6,622.0","7,215.9","6,477.0","28.10K","7.38%"
"04/15/2020","6,624.1","6,877.4","6,938.5","6,606.8","14.75K","-3.71%"
"04/14/2020","6,879.1","6,860.5","6,988.1","6,771.8","12.87K","0.26%"
"04/13/2020","6,861.2","6,902.1","6,906.5","6,577.0","22.37K","-0.68%"
"04/12/2020","6,908.1","6,891.0","7,200.0","6,790.0","12.69K","0.27%"
"04/11/2020","6,889.6","6,869.5","6,955.0","6,775.0","8.05K","0.26%"
"04/10/2020","6,871.9","7,292.3","7,305.9","6,750.0","19.67K","-5.78%"
"04/09/2020","7,293.2","7,370.4","7,377.0","7,113.3","12.37K","-1.05%"
"04/08/2020","7,370.6","7,200.5","7,429.6","7,155.3","15.43K","2.37%"
"04/07/2020","7,200.0","7,341.6","7,466.0","7,073.0","23.21K","-1.89%"
"04/06/2020","7,338.5","6,778.3","7,359.1","6,773.3","27.55K","8.27%"
"04/05/2020","6,778.3","6,874.8","6,915.7","6,681.0","8.95K","-1.40%"
"04/04/2020","6,874.8","6,745.4","7,013.7","6,659.8","10.22K","1.90%"
"04/03/2020","6,746.4","6,804.5","7,049.9","6,611.6","14.96K","-0.86%"
"04/02/2020","6,805.1","6,670.0","7,285.0","6,578.8","28.81K","2.09%"
"04/01/2020","6,666.1","6,424.0","6,700.0","6,161.0","17.89K","3.81%"
"03/31/2020","6,421.4","6,406.4","6,524.8","6,337.0","11.94K","0.31%"
"03/30/2020","6,401.5","5,876.9","6,626.7","5,856.3","23.65K","8.93%"
"03/29/2020","5,876.9","6,251.8","6,279.9","5,872.0","16.09K","-6.00%"
"03/28/2020","6,251.8","6,372.4","6,372.4","6,030.0","20.36K","-1.89%"
"03/27/2020","6,372.4","6,760.0","6,878.5","6,270.0","20.45K","-5.73%"
"03/26/2020","6,759.9","6,691.0","6,795.0","6,533.3","17.46K","1.04%"
"03/25/2020","6,690.0","6,764.9","6,982.0","6,471.9","31.27K","-1.13%"
"03/24/2020","6,766.6","6,493.6","6,861.1","6,406.1","40.67K","4.18%"
"03/23/2020","6,495.0","5,818.3","6,625.6","5,694.9","42.40K","11.54%"
"03/22/2020","5,823.0","6,198.6","6,420.0","5,748.0","28.08K","-6.06%"
"03/21/2020","6,198.8","6,210.5","6,469.5","5,860.3","23.51K","-0.05%"
"03/20/2020","6,201.6","6,186.3","6,990.0","5,660.0","53.02K","0.24%"
"03/19/2020","6,187.0","5,413.6","6,428.1","5,264.6","54.67K","14.28%"
"03/18/2020","5,413.6","5,331.7","5,452.8","5,012.0","37.54K","1.42%"
"03/17/2020","5,337.7","5,037.6","5,569.3","4,938.5","44.32K","5.91%"
"03/16/2020","5,040.0","5,342.5","5,349.4","4,438.5","80.18K","-5.76%"
"03/15/2020","5,348.0","5,165.3","5,985.0","5,090.0","43.77K","3.54%"
"03/14/2020","5,165.3","5,637.6","5,669.0","5,054.7","32.77K","-8.42%"
"03/13/2020","5,640.5","4,857.1","5,995.0","3,859.4","130.65K","16.57%"
"03/12/2020","4,838.5","7,941.1","7,969.5","4,645.0","113.47K","-39.05%"
"03/11/2020","7,938.0","7,894.7","7,988.0","7,588.6","13.65K","0.59%"
"03/10/2020","7,891.7","7,934.5","8,158.2","7,735.0","17.18K","-0.53%"
"03/09/2020","7,933.5","8,037.8","8,186.9","7,630.0","25.59K","-1.24%"
"03/08/2020","8,032.8","8,899.6","8,899.6","8,002.4","16.56K","-9.76%"
"03/07/2020","8,901.4","9,158.5","9,214.7","8,858.3","6.48K","-2.81%"
"03/06/2020","9,158.5","9,070.2","9,182.1","9,000.3","6.43K","0.98%"
"03/05/2020","9,069.5","8,760.0","9,174.2","8,760.0","10.07K","3.52%"
"03/04/2020","8,760.7","8,757.2","8,847.0","8,670.9","5.69K","0.03%"
"03/03/2020","8,757.8","8,922.5","8,926.6","8,655.0","9.17K","-1.76%"
"03/02/2020","8,915.0","8,522.3","8,972.8","8,490.0","10.20K","4.61%"
"03/01/2020","8,522.3","8,523.3","8,752.3","8,408.0","7.34K","-0.03%"
"02/29/2020","8,525.1","8,708.6","8,799.0","8,522.5","5.14K","-2.11%"
"02/28/2020","8,708.9","8,817.1","8,899.9","8,428.8","13.65K","-1.18%"
"02/27/2020","8,812.5","8,772.3","8,972.6","8,520.0","14.78K","0.39%"
"02/26/2020","8,778.3","9,305.0","9,369.4","8,610.3","21.61K","-5.66%"
"02/25/2020","9,305.0","9,660.0","9,680.0","9,236.5","9.37K","-3.67%"
"02/24/2020","9,660.0","9,968.0","10,030.0","9,480.0","11.29K","-3.10%"
"02/23/2020","9,969.0","9,667.2","10,023.0","9,667.1","5.62K","3.11%"
"02/22/2020","9,668.2","9,695.7","9,723.0","9,575.3","3.30K","-0.28%"
"02/21/2020","9,695.7","9,610.0","9,769.7","9,573.3","7.08K","0.89%"
"02/20/2020","9,610.0","9,600.1","9,694.3","9,396.0","12.39K","0.08%"
"02/19/2020","9,602.2","10,188.0","10,313.9","9,295.3","16.64K","-5.73%"
"02/18/2020","10,186.0","9,700.0","10,285.2","9,610.3","11.61K","5.02%"
"02/17/2020","9,699.2","9,927.3","9,969.4","9,467.0","10.15K","-2.30%"
"02/16/2020","9,927.3","9,911.2","10,048.3","9,612.1","9.42K","0.16%"
"02/15/2020","9,911.2","10,371.3","10,400.0","9,757.8","12.32K","-4.44%"
"02/14/2020","10,371.3","10,236.5","10,393.9","10,105.0","8.03K","1.32%"
"02/13/2020","10,236.5","10,351.1","10,522.2","10,086.6","17.10K","-1.11%"
"02/12/2020","10,351.0","10,270.0","10,483.9","10,250.0","13.74K","0.79%"
"02/11/2020","10,270.0","9,851.8","10,397.9","9,707.4","16.73K","4.25%"
"02/10/2020","9,851.8","10,167.7","10,199.0","9,742.4","13.24K","-3.11%"
"02/09/2020","10,168.3","9,905.6","10,178.9","9,888.9","9.63K","2.65%"
"02/08/2020","9,905.6","9,808.0","9,954.8","9,658.4","8.15K","0.96%"
"02/07/2020","9,811.2","9,763.0","9,885.0","9,715.1","8.49K","0.49%"
"02/06/2020","9,763.0","9,613.9","9,856.6","9,521.5","12.67K","1.55%"
"02/05/2020","9,613.8","9,164.3","9,766.1","9,150.0","13.26K","4.90%"
"02/04/2020","9,164.3","9,280.5","9,350.0","9,079.0","8.19K","-1.25%"
"02/03/2020","9,280.5","9,325.0","9,613.4","9,220.0","11.91K","-0.45%"
"02/02/2020","9,322.7","9,380.2","9,475.0","9,146.3","7.30K","-0.61%"
"02/01/2020","9,380.2","9,335.0","9,458.0","9,285.0","4.39K","0.49%"
"01/31/2020","9,334.3","9,503.1","9,522.5","9,195.5","9.72K","-1.73%"
"01/30/2020","9,498.8","9,287.9","9,569.0","9,175.0","12.95K","2.27%"
"01/29/2020","9,287.7","9,394.5","9,439.8","9,226.9","12.36K","-1.25%"
"01/28/2020","9,405.0","8,896.0","9,414.4","8,885.0","17.49K","5.72%"
"01/27/2020","8,896.0","8,610.1","8,985.0","8,557.3","9.56K","3.50%"
"01/26/2020","8,595.0","8,321.5","8,595.0","8,281.8","5.49K","3.22%"
"01/25/2020","8,326.8","8,426.2","8,437.8","8,252.7","3.78K","-1.19%"
"01/24/2020","8,427.3","8,384.4","8,510.0","8,218.3","8.63K","0.50%"
"01/23/2020","8,385.2","8,661.0","8,665.0","8,278.0","12.18K","-3.18%"
"01/22/2020","8,660.4","8,723.1","8,791.8","8,572.8","5.48K","-0.71%"
"01/21/2020","8,722.0","8,631.1","8,769.0","8,477.0","7.52K","1.08%"
"01/20/2020","8,628.9","8,697.5","8,734.8","8,505.0","5.61K","-0.79%"
"01/19/2020","8,697.5","8,908.9","9,186.6","8,475.0","15.22K","-2.38%"
"01/18/2020","8,909.3","8,899.4","8,977.5","8,805.0","5.60K","0.11%"
"01/17/2020","8,899.4","8,714.8","9,009.9","8,665.7","15.45K","2.12%"
"01/16/2020","8,714.8","8,808.8","8,849.4","8,583.6","9.24K","-1.07%"
"01/15/2020","8,808.8","8,811.6","8,900.0","8,550.0","15.03K","-0.07%"
"01/14/2020","8,815.0","8,105.6","8,891.5","8,105.2","27.04K","8.77%"
"01/13/2020","8,104.5","8,180.8","8,195.8","8,042.0","6.68K","-0.93%"
"01/12/2020","8,180.8","8,020.0","8,185.0","7,963.4","3.92K","1.98%"
"01/11/2020","8,021.8","8,198.1","8,290.0","8,001.0","7.57K","-2.10%"
"01/10/2020","8,194.1","7,810.5","8,199.0","7,671.0","13.40K","4.87%"
"01/09/2020","7,813.8","8,047.7","8,048.7","7,744.5","9.48K","-2.88%"
"01/08/2020","8,045.9","8,160.0","8,469.4","7,856.5","23.98K","-1.40%"
"01/07/2020","8,160.0","7,766.5","8,215.0","7,725.0","19.81K","5.09%"
"01/06/2020","7,764.6","7,355.4","7,804.0","7,343.2","11.76K","5.56%"
"01/05/2020","7,355.4","7,348.6","7,488.9","7,316.3","5.95K","0.09%"
"01/04/2020","7,348.6","7,339.8","7,394.7","7,263.3","4.75K","0.22%"
"01/03/2020","7,332.4","6,945.0","7,400.0","6,854.7","14.04K","5.58%"
"01/02/2020","6,945.0","7,174.3","7,186.1","6,903.0","8.00K","-3.20%"
"01/01/2020","7,174.3","7,165.7","7,238.1","7,144.6","3.36K","0.12%"
"12/31/2019","7,165.7","7,218.0","7,298.5","7,111.6","6.75K","-0.72%"
"12/30/2019","7,218.0","7,384.9","7,384.9","7,200.0","7.35K","-2.28%"
"12/29/2019","7,386.1","7,302.7","7,531.0","7,278.1","6.56K","1.14%"
"12/28/2019","7,302.7","7,247.0","7,346.0","7,232.5","4.62K","0.78%"
"12/27/2019","7,245.8","7,194.1","7,253.0","7,055.2","8.49K","0.72%"
"12/26/2019","7,194.1","7,198.3","7,424.3","7,141.5","7.67K","0.03%"
"12/25/2019","7,192.1","7,255.0","7,265.1","7,115.5","3.30K","-0.87%"
"12/24/2019","7,255.0","7,313.0","7,420.7","7,155.8","7.80K","-0.76%"
"12/23/2019","7,310.8","7,514.2","7,689.0","7,259.3","15.14K","-2.68%"
"12/22/2019","7,512.0","7,143.0","7,521.3","7,125.0","10.20K","5.17%"
"12/21/2019","7,143.0","7,190.0","7,190.0","7,110.8","3.42K","-0.65%"
"12/20/2019","7,190.0","7,149.1","7,220.0","7,075.7","6.02K","0.57%"
"12/19/2019","7,149.1","7,288.0","7,371.3","7,044.9","10.51K","-1.87%"
"12/18/2019","7,285.5","6,616.6","7,443.1","6,432.5","23.09K","10.11%"
"12/17/2019","6,616.6","6,877.0","6,933.2","6,556.7","14.05K","-3.79%"
"12/16/2019","6,877.0","7,111.0","7,136.6","6,814.1","13.17K","-3.29%"
"12/15/2019","7,111.0","7,062.9","7,203.6","7,006.0","4.91K","0.68%"
"12/14/2019","7,062.9","7,249.9","7,264.3","7,008.0","4.33K","-2.58%"
"12/13/2019","7,249.9","7,186.2","7,299.0","7,183.3","6.11K","0.89%"
"12/12/2019","7,185.9","7,201.2","7,288.1","7,077.8","8.58K","-0.19%"
"12/11/2019","7,199.5","7,219.4","7,263.3","7,125.0","5.95K","-0.27%"
"12/10/2019","7,219.4","7,330.0","7,398.0","7,156.1","7.19K","-1.61%"
"12/09/2019","7,337.5","7,520.0","7,650.9","7,277.7","10.25K","-2.43%"
"12/08/2019","7,520.0","7,502.2","7,577.3","7,387.5","4.24K","0.24%"
"12/07/2019","7,502.2","7,540.1","7,642.3","7,487.0","4.88K","-0.50%"
"12/06/2019","7,540.1","7,393.5","7,600.0","7,306.6","9.34K","1.98%"
"12/05/2019","7,393.5","7,199.0","7,486.5","7,156.5","9.25K","2.70%"
"12/04/2019","7,199.0","7,302.9","7,765.0","7,088.5","16.49K","-1.44%"
"12/03/2019","7,304.0","7,305.0","7,412.5","7,240.0","6.16K","-0.01%"
"12/02/2019","7,305.0","7,408.7","7,430.0","7,161.3","7.05K","-1.36%"
"12/01/2019","7,405.4","7,555.9","7,555.9","7,237.2","8.68K","-1.98%"
"11/30/2019","7,555.0","7,760.0","7,815.1","7,454.3","6.13K","-2.64%"
"11/29/2019","7,760.0","7,432.1","7,870.1","7,412.2","10.86K","4.41%"
"11/28/2019","7,432.1","7,523.7","7,656.7","7,371.1","8.64K","-1.22%"
"11/27/2019","7,523.7","7,162.7","7,678.8","6,850.0","19.21K","5.04%"
"11/26/2019","7,162.7","7,127.0","7,337.5","7,023.3","11.87K","0.50%"
"11/25/2019","7,127.0","6,908.6","7,380.0","6,526.0","27.13K","3.16%"
"11/24/2019","6,908.6","7,329.3","7,344.0","6,865.0","10.70K","-5.74%"
"11/23/2019","7,329.3","7,283.0","7,356.0","7,103.3","7.73K","0.64%"
"11/22/2019","7,283.0","7,616.5","7,709.3","6,785.3","33.67K","-4.38%"
"11/21/2019","7,616.5","8,083.0","8,115.0","7,374.5","16.95K","-5.77%"
"11/20/2019","8,083.0","8,123.4","8,222.4","8,030.1","5.29K","-0.50%"
"11/19/2019","8,123.4","8,168.8","8,196.7","7,985.0","7.37K","-0.56%"
"11/18/2019","8,168.8","8,500.0","8,501.0","8,026.0","9.86K","-3.90%"
"11/17/2019","8,500.0","8,481.0","8,632.4","8,375.5","3.75K","0.22%"
"11/16/2019","8,481.0","8,457.5","8,530.7","8,423.0","2.71K","0.28%"
"11/15/2019","8,457.5","8,630.0","8,771.9","8,365.0","10.95K","-2.02%"
"11/14/2019","8,631.7","8,758.3","8,784.5","8,560.0","5.59K","-1.45%"
"11/13/2019","8,758.3","8,812.3","8,832.8","8,705.0","4.51K","-0.59%"
"11/12/2019","8,810.0","8,720.8","8,870.0","8,558.1","6.25K","1.01%"
"11/11/2019","8,721.5","9,032.2","9,067.3","8,590.0","7.05K","-3.44%"
"11/10/2019","9,032.2","8,807.9","9,140.1","8,742.0","6.07K","2.58%"
"11/09/2019","8,804.8","8,758.7","8,873.5","8,713.7","4.30K","0.48%"
"11/08/2019","8,763.0","9,198.8","9,246.0","8,666.1","12.88K","-4.74%"
"11/07/2019","9,198.8","9,344.7","9,375.2","9,086.2","5.99K","-1.52%"
"11/06/2019","9,341.3","9,322.1","9,450.0","9,253.7","6.87K","0.20%"
"11/05/2019","9,323.0","9,412.5","9,474.9","9,169.8","7.54K","-0.96%"
"11/04/2019","9,413.1","9,206.5","9,587.2","9,127.0","8.39K","2.24%"
"11/03/2019","9,207.3","9,308.5","9,380.0","9,068.3","4.26K","-1.09%"
"11/02/2019","9,308.5","9,253.1","9,392.3","9,210.0","4.56K","0.60%"
"11/01/2019","9,253.1","9,159.5","9,299.8","9,057.4","7.77K","1.02%"
"10/31/2019","9,159.5","9,164.5","9,427.4","8,950.0","8.33K","-0.05%"
"10/30/2019","9,164.5","9,430.8","9,431.3","8,997.0","9.86K","-2.83%"
"10/29/2019","9,431.4","9,226.5","9,563.0","9,079.8","12.65K","2.29%"
"10/28/2019","9,219.9","9,555.9","9,939.7","9,181.9","16.73K","-3.44%"
"10/27/2019","9,548.1","9,257.7","9,817.7","9,104.2","19.63K","3.12%"
"10/26/2019","9,259.2","8,668.0","10,511.4","8,645.0","53.38K","6.82%"
"10/25/2019","8,668.0","7,430.9","8,791.9","7,398.0","27.14K","16.65%"
"10/24/2019","7,430.9","7,474.9","7,510.0","7,359.5","7.97K","-0.61%"
"10/23/2019","7,476.5","8,024.7","8,049.0","7,298.6","19.16K","-6.83%"
"10/22/2019","8,024.8","8,209.9","8,317.1","7,999.0","6.03K","-2.25%"
"10/21/2019","8,209.8","8,236.0","8,347.2","8,156.3","6.12K","-0.32%"
"10/20/2019","8,236.0","7,965.3","8,308.0","7,875.4","6.16K","3.40%"
"10/19/2019","7,965.3","7,954.1","8,093.8","7,879.8","4.84K","0.14%"
"10/18/2019","7,954.2","8,076.2","8,117.8","7,821.0","7.07K","-1.52%"
"10/17/2019","8,077.0","7,993.5","8,124.4","7,937.0","4.98K","1.05%"
"10/16/2019","7,993.3","8,157.9","8,171.6","7,912.0","8.42K","-2.07%"
"10/15/2019","8,162.4","8,355.0","8,420.0","8,092.2","8.56K","-2.30%"
"10/14/2019","8,355.0","8,280.9","8,407.3","8,219.8","4.46K","0.87%"
"10/13/2019","8,283.0","8,309.0","8,469.0","8,153.5","5.86K","-0.31%"
"10/12/2019","8,309.0","8,267.3","8,417.9","8,261.5","3.06K","0.50%"
"10/11/2019","8,267.3","8,587.5","8,826.0","8,226.0","12.43K","-3.73%"
"10/10/2019","8,587.5","8,590.0","8,660.0","8,453.4","7.95K","-0.03%"
"10/09/2019","8,590.0","8,180.0","8,694.5","8,121.0","14.46K","5.00%"
"10/08/2019","8,181.0","8,209.0","8,343.0","8,107.6","5.85K","-0.34%"
"10/07/2019","8,208.9","7,859.8","8,310.6","7,765.0","10.02K","4.44%"
"10/06/2019","7,859.8","8,148.6","8,176.2","7,780.9","8.69K","-3.53%"
"10/05/2019","8,147.6","8,156.7","8,200.0","8,020.2","3.83K","-0.11%"
"10/04/2019","8,156.7","8,240.4","8,241.3","8,003.0","7.72K","-1.02%"
"10/03/2019","8,240.4","8,381.7","8,419.7","8,076.2","7.77K","-1.69%"
"10/02/2019","8,381.7","8,321.3","8,391.0","8,171.0","7.04K","0.71%"
"10/01/2019","8,322.7","8,305.0","8,530.0","8,200.0","12.28K","0.21%"
"09/30/2019","8,305.0","8,054.0","8,366.9","7,702.9","15.15K","3.14%"
"09/29/2019","8,052.4","8,217.5","8,243.5","7,905.0","7.14K","-2.01%"
"09/28/2019","8,217.5","8,194.0","8,343.0","8,019.4","9.04K","0.29%"
"09/27/2019","8,194.0","8,060.0","8,290.0","7,862.0","15.92K","1.66%"
"09/26/2019","8,060.0","8,438.3","8,464.1","7,732.6","27.66K","-4.47%"
"09/25/2019","8,437.4","8,530.0","8,743.9","8,223.8","23.62K","-1.12%"
"09/24/2019","8,533.4","9,693.6","9,777.2","8,173.0","38.64K","-11.93%"
"09/23/2019","9,689.4","10,026.8","10,051.2","9,615.6","11.35K","-3.37%"
"09/22/2019","10,026.8","9,974.0","10,092.1","9,848.4","5.28K","0.52%"
"09/21/2019","9,975.1","10,168.8","10,170.2","9,919.2","5.04K","-1.91%"
"09/20/2019","10,168.9","10,275.8","10,309.8","10,062.1","6.19K","-1.03%"
"09/19/2019","10,275.0","10,156.2","10,375.0","9,595.9","15.62K","1.18%"
"09/18/2019","10,155.3","10,185.3","10,258.0","10,081.6","5.63K","-0.30%"
"09/17/2019","10,185.4","10,262.5","10,276.2","10,135.7","5.73K","-0.75%"
"09/16/2019","10,262.5","10,303.7","10,380.0","10,074.5","7.78K","-0.41%"
"09/15/2019","10,304.5","10,360.0","10,380.0","10,263.5","2.74K","-0.54%"
"09/14/2019","10,360.3","10,365.9","10,439.0","10,231.2","4.47K","-0.07%"
"09/13/2019","10,367.5","10,423.7","10,452.5","10,158.2","6.91K","-0.54%"
"09/12/2019","10,423.9","10,160.2","10,460.0","10,040.0","7.62K","2.61%"
"09/11/2019","10,158.8","10,093.0","10,283.5","9,864.0","8.38K","0.65%"
"09/10/2019","10,093.0","10,310.0","10,389.3","9,919.6","8.10K","-2.13%"
"09/09/2019","10,312.5","10,399.0","10,538.8","10,066.5","9.75K","-0.91%"
"09/08/2019","10,407.1","10,484.4","10,595.0","10,240.0","4.90K","-0.74%"
"09/07/2019","10,484.4","10,308.9","10,576.8","10,308.5","4.38K","1.65%"
"09/06/2019","10,314.6","10,574.7","10,939.3","10,188.4","15.73K","-2.46%"
"09/05/2019","10,575.2","10,581.8","10,661.8","10,460.0","7.43K","-0.07%"
"09/04/2019","10,582.3","10,628.5","10,827.5","10,381.1","12.18K","-0.43%"
"09/03/2019","10,628.5","10,381.3","10,780.8","10,281.6","15.53K","2.35%"
"09/02/2019","10,384.0","9,766.6","10,479.9","9,756.6","11.77K","6.32%"
"09/01/2019","9,766.5","9,600.9","9,838.3","9,540.0","4.20K","1.73%"
"08/31/2019","9,600.8","9,582.4","9,707.5","9,441.5","4.06K","0.19%"
"08/30/2019","9,582.4","9,494.8","9,699.0","9,352.0","8.85K","0.97%"
"08/29/2019","9,490.0","9,714.3","9,716.4","9,325.0","14.33K","-2.31%"
"08/28/2019","9,714.3","10,171.8","10,277.0","9,526.0","17.62K","-4.49%"
"08/27/2019","10,171.5","10,361.7","10,379.8","10,019.6","7.51K","-1.83%"
"08/26/2019","10,361.7","10,147.7","10,670.8","10,144.8","14.13K","2.20%"
"08/25/2019","10,138.4","10,148.0","10,355.2","9,903.6","7.28K","-0.09%"
"08/24/2019","10,148.0","10,413.5","10,429.0","9,887.9","7.99K","-2.53%"
"08/23/2019","10,410.8","10,105.0","10,475.0","10,040.0","9.41K","3.00%"
"08/22/2019","10,107.2","10,130.0","10,235.6","9,759.0","10.91K","-0.23%"
"08/21/2019","10,130.0","10,769.1","10,800.0","9,845.9","17.45K","-5.91%"
"08/20/2019","10,766.8","10,920.0","10,953.0","10,563.1","8.81K","-1.40%"
"08/19/2019","10,920.0","10,315.5","10,938.8","10,265.0","12.22K","5.86%"
"08/18/2019","10,315.5","10,218.0","10,513.1","10,066.7","6.79K","0.98%"
"08/17/2019","10,215.2","10,352.8","10,475.0","9,984.3","7.31K","-1.33%"
"08/16/2019","10,352.8","10,300.0","10,539.7","9,741.5","19.53K","0.51%"
"08/15/2019","10,300.0","10,015.0","10,445.0","9,470.0","28.00K","2.73%"
"08/14/2019","10,025.9","10,854.9","10,860.0","9,897.8","24.83K","-7.64%"
"08/13/2019","10,854.9","11,389.3","11,438.4","10,746.0","12.51K","-4.70%"
"08/12/2019","11,389.9","11,540.8","11,550.0","11,232.0","6.25K","-1.26%"
"08/11/2019","11,534.9","11,280.0","11,585.0","11,089.0","7.15K","2.25%"
"08/10/2019","11,281.0","11,860.6","11,970.0","11,179.6","13.85K","-4.89%"
"08/09/2019","11,860.8","11,982.4","12,034.0","11,651.9","11.80K","-1.02%"
"08/08/2019","11,982.7","11,983.4","12,049.0","11,473.5","14.89K","0.01%"
"08/07/2019","11,981.2","11,465.5","12,146.6","11,382.3","22.12K","4.50%"
"08/06/2019","11,465.5","11,820.0","12,320.4","11,205.0","24.77K","-3.00%"
"08/05/2019","11,819.5","10,977.5","11,950.0","10,977.5","23.34K","7.67%"
"08/04/2019","10,977.5","10,820.8","11,089.7","10,572.0","11.81K","1.44%"
"08/03/2019","10,822.0","10,533.0","10,922.1","10,508.5","10.09K","2.74%"
"08/02/2019","10,533.0","10,404.4","10,670.0","10,326.0","13.22K","1.22%"
"08/01/2019","10,405.9","10,086.4","10,495.0","9,881.0","14.43K","3.13%"
"07/31/2019","10,089.9","9,589.0","10,130.5","9,570.2","12.85K","5.22%"
"07/30/2019","9,589.0","9,495.0","9,787.4","9,375.0","9.42K","0.99%"
"07/29/2019","9,495.0","9,534.2","9,721.3","9,356.8","10.57K","-0.40%"
"07/28/2019","9,533.0","9,480.0","9,622.7","9,110.0","10.05K","0.56%"
"07/27/2019","9,480.0","9,843.0","10,234.0","9,298.8","18.97K","-3.69%"
"07/26/2019","9,843.0","9,880.3","9,898.0","9,657.2","10.73K","-0.41%"
"07/25/2019","9,883.3","9,767.9","10,185.0","9,734.9","13.30K","1.18%"
"07/24/2019","9,767.9","9,848.7","9,919.1","9,513.1","18.35K","-0.83%"
"07/23/2019","9,849.3","10,323.4","10,324.3","9,807.8","18.06K","-4.54%"
"07/22/2019","10,317.5","10,590.7","10,688.0","10,063.2","15.80K","-2.58%"
"07/21/2019","10,590.7","10,761.0","10,835.0","10,330.0","11.94K","-1.58%"
"07/20/2019","10,761.0","10,538.1","11,111.1","10,366.2","18.42K","2.12%"
"07/19/2019","10,538.1","10,652.8","10,763.6","10,112.0","19.79K","-1.06%"
"07/18/2019","10,651.5","9,696.4","10,798.0","9,291.0","33.07K","9.85%"
"07/17/2019","9,696.3","9,422.7","9,997.3","9,076.9","35.32K","2.90%"
"07/16/2019","9,422.7","10,854.5","11,039.4","9,350.0","43.65K","-13.14%"
"07/15/2019","10,848.0","10,189.5","11,080.0","9,868.6","34.09K","6.40%"
"07/14/2019","10,196.0","11,370.0","11,467.3","10,093.8","25.83K","-10.33%"
"07/13/2019","11,370.2","11,802.0","11,845.0","10,815.0","18.42K","-3.66%"
"07/12/2019","11,802.0","11,349.0","11,950.0","11,083.3","18.54K","3.99%"
"07/11/2019","11,349.0","12,098.0","12,098.0","10,943.7","37.30K","-6.19%"
"07/10/2019","12,098.0","12,571.1","13,194.9","11,553.2","41.39K","-3.69%"
"07/09/2019","12,561.0","12,294.0","12,824.6","12,126.2","27.46K","2.17%"
"07/08/2019","12,294.0","11,474.4","12,395.0","11,329.1","20.38K","7.16%"
"07/07/2019","11,472.2","11,237.8","11,620.0","11,089.8","11.29K","2.03%"
"07/06/2019","11,244.0","11,004.5","11,722.4","10,984.4","15.65K","2.26%"
"07/05/2019","10,995.0","11,137.9","11,444.1","10,771.8","20.71K","-1.28%"
"07/04/2019","11,137.9","11,976.4","12,064.2","11,045.5","22.60K","-7.00%"
"07/03/2019","11,976.0","10,835.2","12,014.6","10,834.2","38.22K","10.59%"
"07/02/2019","10,829.2","10,577.6","10,921.9","9,651.0","43.61K","2.37%"
"07/01/2019","10,578.3","10,761.3","11,210.0","9,953.0","39.88K","-1.69%"
"06/30/2019","10,760.1","11,865.3","12,200.0","10,656.5","28.67K","-9.30%"
"06/29/2019","11,863.6","12,360.5","12,380.0","11,323.3","28.87K","-4.05%"
"06/28/2019","12,364.5","11,150.0","12,440.8","10,737.9","42.11K","10.85%"
"06/27/2019","11,154.5","12,927.4","13,351.1","10,300.7","77.27K","-13.66%"
"06/26/2019","12,919.3","11,755.5","13,868.4","11,450.0","82.41K","9.88%"
"06/25/2019","11,757.3","11,032.3","11,788.0","10,999.4","24.91K","6.57%"
"06/24/2019","11,032.3","10,833.0","11,091.6","10,550.2","15.49K","1.81%"
"06/23/2019","10,836.0","10,666.9","11,276.3","10,490.0","17.39K","1.59%"
"06/22/2019","10,666.9","10,230.0","11,213.4","10,080.0","38.42K","4.17%"
"06/21/2019","10,239.9","9,531.2","10,245.0","9,531.2","24.90K","7.44%"
"06/20/2019","9,531.2","9,277.5","9,599.0","9,210.6","12.15K","2.74%"
"06/19/2019","9,277.3","9,078.5","9,319.5","9,035.8","9.22K","2.19%"
"06/18/2019","9,078.5","9,333.3","9,359.5","8,930.0","16.44K","-2.73%"
"06/17/2019","9,333.3","8,975.8","9,475.0","8,975.8","20.64K","3.96%"
"06/16/2019","8,977.9","8,856.1","9,386.1","8,799.7","22.62K","1.33%"
"06/15/2019","8,860.2","8,697.5","8,910.4","8,588.7","10.00K","1.87%"
"06/14/2019","8,697.5","8,239.0","8,738.9","8,180.1","12.73K","5.61%"
"06/13/2019","8,235.4","8,177.8","8,330.0","8,049.0","8.64K","0.73%"
"06/12/2019","8,176.0","7,918.2","8,282.1","7,817.0","12.82K","3.29%"
"06/11/2019","7,915.7","8,015.0","8,057.2","7,703.1","7.82K","-1.30%"
"06/10/2019","8,020.0","7,635.1","8,084.7","7,516.9","9.86K","5.04%"
"06/09/2019","7,635.1","7,930.1","7,960.0","7,510.1","7.66K","-3.72%"
"06/08/2019","7,930.1","7,998.1","8,060.0","7,786.5","5.09K","-0.85%"
"06/07/2019","7,998.1","7,802.6","8,134.3","7,756.8","12.67K","2.51%"
"06/06/2019","7,802.6","7,787.4","7,870.6","7,457.9","12.52K","0.16%"
"06/05/2019","7,790.2","7,671.1","7,925.5","7,577.0","13.30K","1.55%"
"06/04/2019","7,671.0","8,105.0","8,105.0","7,437.6","30.49K","-5.34%"
"06/03/2019","8,103.5","8,738.5","8,742.5","8,034.6","16.67K","-7.24%"
"06/02/2019","8,736.2","8,559.0","8,834.0","8,550.0","5.86K","2.07%"
"06/01/2019","8,558.9","8,553.3","8,618.0","8,453.2","7.49K","0.06%"
"05/31/2019","8,554.1","8,279.7","8,580.0","8,110.0","16.60K","3.31%"
"05/30/2019","8,279.7","8,662.4","9,090.0","7,980.0","31.72K","-4.42%"
"05/29/2019","8,662.4","8,710.8","8,760.0","8,426.4","12.32K","-0.61%"
"05/28/2019","8,715.4","8,770.2","8,822.5","8,548.5","12.02K","-0.63%"
"05/27/2019","8,770.9","8,731.5","8,947.9","8,639.0","18.16K","0.45%"
"05/26/2019","8,732.0","8,058.8","8,785.0","7,882.0","19.42K","8.26%"
"05/25/2019","8,065.5","8,001.7","8,149.0","7,942.8","5.37K","0.81%"
"05/24/2019","8,001.0","7,882.0","8,175.0","7,794.7","14.77K","1.56%"
"05/23/2019","7,878.5","7,626.4","7,983.0","7,467.5","14.92K","3.30%"
"05/22/2019","7,626.5","7,950.4","8,042.7","7,509.6","17.51K","-4.09%"
"05/21/2019","7,951.7","7,999.5","8,112.9","7,810.9","14.25K","-0.62%"
"05/20/2019","8,001.2","8,197.7","8,197.7","7,577.6","25.42K","-2.38%"
"05/19/2019","8,196.6","7,262.4","8,311.5","7,252.6","25.16K","12.86%"
"05/18/2019","7,262.4","7,363.7","7,490.7","7,210.6","11.08K","-1.34%"
"05/17/2019","7,361.1","7,879.0","7,940.7","6,621.3","47.35K","-6.56%"
"05/16/2019","7,878.1","8,203.3","8,385.2","7,661.9","29.43K","-3.97%"
"05/15/2019","8,204.2","7,990.9","8,300.1","7,835.4","24.92K","2.67%"
"05/14/2019","7,990.9","7,824.9","8,332.5","7,625.0","39.57K","2.12%"
"05/13/2019","7,825.4","6,979.8","8,191.2","6,864.9","47.21K","12.13%"
"05/12/2019","6,978.8","7,219.4","7,581.8","6,757.0","41.11K","-3.35%"
"05/11/2019","7,220.5","6,343.0","7,456.6","6,343.0","37.74K","13.83%"
"05/10/2019","6,343.1","6,153.1","6,429.5","6,109.0","17.61K","3.09%"
"05/09/2019","6,153.1","5,947.0","6,171.1","5,934.5","15.70K","3.48%"
"05/08/2019","5,946.0","5,748.5","5,990.0","5,660.3","12.75K","3.58%"
"05/07/2019","5,740.7","5,689.9","5,973.5","5,689.9","16.04K","0.93%"
"05/06/2019","5,687.9","5,715.9","5,753.6","5,564.9","9.14K","-0.44%"
"05/05/2019","5,713.1","5,770.0","5,782.2","5,632.3","5.77K","-0.99%"
"05/04/2019","5,770.0","5,657.4","5,846.9","5,513.9","11.07K","2.02%"
"05/03/2019","5,655.7","5,390.0","5,796.9","5,365.0","19.74K","4.93%"
"05/02/2019","5,390.0","5,321.1","5,422.0","5,307.8","7.33K","1.29%"
"05/01/2019","5,321.1","5,270.7","5,358.4","5,265.6","7.32K","1.02%"
"04/30/2019","5,267.4","5,148.9","5,285.0","5,127.1","7.27K","2.31%"
"04/29/2019","5,148.3","5,157.9","5,189.5","5,072.0","7.34K","-0.13%"
"04/28/2019","5,155.0","5,170.6","5,214.5","5,101.0","4.91K","-0.30%"
"04/27/2019","5,170.6","5,159.5","5,221.2","5,117.5","4.27K","0.21%"
"04/26/2019","5,160.0","5,134.8","5,292.7","5,042.0","14.42K","0.49%"
"04/25/2019","5,134.9","5,443.1","5,512.1","4,970.0","18.15K","-5.66%"
"04/24/2019","5,443.1","5,532.8","5,624.5","5,374.0","15.16K","-1.62%"
"04/23/2019","5,532.7","5,387.6","5,648.4","5,362.1","18.21K","2.69%"
"04/22/2019","5,387.6","5,297.6","5,440.8","5,251.5","12.34K","1.70%"